Sample,TL.Cq,GAP.Cq,TL.Eff,GAP.eff,Plate,Tarsus,GO,Area/Reserve,State,Lat,Location,TS,Age,Sex,Year,Month,Day,Elevation,abundance,bio13_Hdiff,bio15_Hdiff,bio18_Hdiff,bio13_Fdiff,bio15_Fdiff,bio18_Fdiff
20N01002,14.64,24.86,1.99,1.99,1,21,0.00642,Maxwell NWR,NM,36.5719,23,0.771844892,SY,F,2020,5,23,1836,-1.2,3,0.722984615,4.083333333,-0.375,0.601282047,0.375000033
20N01003,15.1,25.55,1.99,1.99,1,22,0.00642,Maxwell NWR,NM,36.5881,23,0.904562352,ASY,M,2020,5,23,1848,-1.2,3,0.722984615,4.083333333,-0.375,0.601282047,0.375000033
20N01004,14.06,24.72,1.99,1.99,1,21,0.00642,Maxwell NWR,NM,36.5881,23,1.046438924,SY,M,2020,5,24,1848,-1.2,3,0.722984615,4.083333333,-0.375,0.601282047,0.375000033
20N010045,13.95,25,1.99,1.99,1,21,0.01037,"Max's Landing, Wofford Heights",CA,35.7151,8,1.376206053,SY,M,2020,6,9,950,-2.9,6.76,2.617111538,1.25,1.448333333,0.869871793,1.875
20N01005,13.87,24.5,1.99,1.99,1,20,0.00642,Maxwell NWR,NM,36.5882,23,0.962245991,ASY,M,2020,5,24,1857,-1.2,3,0.722984615,4.083333333,-0.375,0.601282047,0.375000033
20N01007,15.11,25.45,1.99,1.99,1,21,0.00642,Maxwell NWR,NM,36.5728,23,0.837072282,ASY,M,2020,5,24,1836,-1.2,3,0.722984615,4.083333333,-0.375,0.601282047,0.375000033
20N01008,15.26,25.72,1.99,1.99,1,22,0.00768,"Gila NF, River Vista",NM,32.8326,20,1.605233497,ASY,M,2020,5,27,1442,0.37,2.96,1.838980769,3.875,1.54,1.559935897,1.125
20N01013,15.08,25.07,1.99,1.99,1,21,0.00768,Gila NF,NM,32.8331,20,0.654688919,ASY,M,2020,5,27,1442,0.37,2.96,1.838980769,3.875,1.54,1.559935897,1.125
20N01017,14.13,24.36,1.99,1.99,1,21,0.00768,Gila NF,NM,32.8314,20,0.780833326,ASY,M,2020,5,28,1442,0.37,2.96,1.838980769,3.875,1.54,1.559935897,1.125
20N01020,13.24,24.13,1.99,1.99,1,21,0.00768,Gila NF,NM,32.8323,20,1.224994848,ASY,M,2020,5,28,1442,0.37,2.96,1.838980769,3.875,1.54,1.559935897,1.125
20N01021,13.32,24.01,1.99,1.99,1,21,0.00768,"Gila NF, River Vista",NM,32.8313,20,1.071711621,ASY,M,2020,5,28,1442,0.37,2.96,1.838980769,3.875,1.54,1.559935897,1.125
20N01024,14.45,24.35,1.99,1.99,1,21,0.00497,Buenos Aires NWR,AZ,31.5266,18,0.615526401,SY,M,2020,5,29,1195,1.98,1.44,1.111523077,2.916666667,-0.481666667,0.92307692,-0.333333367
20N01025,14.6,24.51,1.99,1.99,1,19,0.00497,"Buenos Aires NWR, Arivica Lake",AZ,31.5266,18,0.591235898,ASY,M,2020,5,29,1195,1.98,1.44,1.111523077,2.916666667,-0.481666667,0.92307692,-0.333333367
20N01027,14.18,25,1.99,1.99,1,20,0.00497,"Buenos Aires NWR, Arivica Lake",AZ,31.5252,18,1.166985104,ASY,M,2020,5,31,1195,1.98,1.44,1.111523077,2.916666667,-0.481666667,0.92307692,-0.333333367
20N01028,14.25,24.31,1.99,1.99,1,21,0.00497,Buenos Aires NWR,AZ,31.5266,18,0.689120865,SY,M,2020,5,31,1195,1.98,1.44,1.111523077,2.916666667,-0.481666667,0.92307692,-0.333333367
20N01031,14.07,24.96,1.99,1.99,1,21,0.00497,"Buenos Aires NWR, Arivica Lake",AZ,31.5266,18,1.227253782,ASY,M,2020,5,31,1195,1.98,1.44,1.111523077,2.916666667,-0.481666667,0.92307692,-0.333333367
20N01033,16.96,26.81,1.99,1.99,1,19,0.00485,"Tonto NF, Seven Springs Wash",AZ,33.9698,15,0.596595929,SY,M,2020,6,1,1129,-0.68,3.08,1.934096923,3.208333333,-0.038333333,1.110256413,1.625000033
20N01034,14.41,24.54,1.99,1.99,1,21,0.00485,"Tonto NF, Seven Springs Wash",AZ,33.9713,15,0.725068849,ASY,M,2020,6,1,1129,-0.68,3.08,1.934096923,3.208333333,-0.038333333,1.110256413,1.625000033
20N01039,14.99,24.47,1.99,1.99,1,21,0.00485,Lynx Lake,AZ,33.9677,15,0.461593359,ASY,M,2020,6,3,1129,-0.68,3.08,1.934096923,3.208333333,-0.038333333,1.110256413,1.625000033
20N01040,14.96,24.49,1.99,1.99,1,21,0.01037,"Max's Landing, Wofford Heights",CA,35.717,8,0.478810571,ASY,M,2020,6,8,950,-2.9,6.76,2.617111538,1.25,1.448333333,0.869871793,1.875
20N01043,14.78,25.08,1.99,1.99,1,21,0.01037,"Max's Landing, Wofford Heights",CA,35.7151,8,0.817500419,ASY,F,2020,6,8,950,-2.9,6.76,2.617111538,1.25,1.448333333,0.869871793,1.875
20N01044,14.36,24.9,1.99,1.99,1,21,0.01037,Inyo National Forest,CA,37.2468,8,0.963723075,ASY,M,2020,6,10,2917,-2.9,6.76,2.617111538,1.25,1.448333333,0.869871793,1.875
20N01046,11.81,21.61,1.96,1.97,2,21,0.01037,Inyo National Forest,CA,37.2468,8,1.300337224,ASY,F,2020,6,10,2917,-2.9,6.76,2.617111538,1.25,1.448333333,0.869871793,1.875
20N01047,9.83,20.39,1.96,1.97,2,21,0.01037,Inyo National Forest,CA,37.2468,8,2.019397588,SY,F,2020,6,10,2917,-2.9,6.76,2.617111538,1.25,1.448333333,0.869871793,1.875
20N01048,10.6,20.66,1.96,1.97,2,22,0.01037,Inyo National Forest,CA,37.246,8,1.387338056,SY,M,2020,6,10,2917,-2.9,6.76,2.617111538,1.25,1.448333333,0.869871793,1.875
20N01050,12.46,21.45,1.96,1.97,2,21,0.01037,,,37.2467,8,0.674449135,ASY,M,2020,6,11,2917,-2.9,6.76,2.617111538,1.25,1.448333333,0.869871793,1.875
20N01051,10.77,21.32,1.96,1.97,2,20,0.00642,Inyo National Forest,CA,36.5882,23,2.407544533,ASY,M,2020,5,24,1857,-1.2,3,0.722984615,4.083333333,-0.375,0.601282047,0.375000033
20N01055,12.56,23.28,1.96,1.97,2,21,0.00654,Tahoe National Forest,CA,38.8086,4,2.402615479,ASY,M,2020,6,12,1646,-1.36319,19.92,2.730287692,-0.666666667,6.58,1.249358977,0.833333337
20N01056,11.77,21.3,1.96,1.97,2,20,0.00654,Tahoe National Forest,CA,38.8086,4,0.96761126,ASY,M,2020,6,12,1646,-1.36319,19.92,2.730287692,-0.666666667,6.58,1.249358977,0.833333337
20N01057,16.2,25.82,1.96,1.97,2,21,0.00654,Tahoe National Forest,CA,38.8086,4,1.159269432,ASY,M,2020,6,12,1646,-1.36319,19.92,2.730287692,-0.666666667,6.58,1.249358977,0.833333337
20N01058,9.83,21.17,1.96,1.97,2,20,0.00654,Tahoe National Forest,CA,38.8096,4,3.102995107,SY,M,2020,6,13,1646,-1.36319,19.92,2.730287692,-0.666666667,6.58,1.249358977,0.833333337
20N01059,11.3,21.27,1.96,1.97,2,20,0.00654,Tahoe National Forest,CA,38.8096,4,1.309794415,ASY,M,2020,6,14,1646,-1.36319,19.92,2.730287692,-0.666666667,6.58,1.249358977,0.833333337
20N01064,14.48,24.71,1.96,1.97,2,20,0.0092,Trinity River,CA,40.7673,1,1.985680389,SY,M,2020,6,17,830,-1.65203,13.64,2.899519231,-2.583333333,3.651666667,1.123397437,-3.33E-09
20N01065,9.91,20.32,1.96,1.97,2,20,0.0092,Trinity River,CA,40.6944,1,1.985455842,ASY,M,2020,6,18,673,-1.65203,13.64,2.899519231,-2.583333333,3.651666667,1.123397437,-3.33E-09
20N01067,15.34,24.43,1.96,1.97,2,19,0.0092,Trinity River,CA,40.6968,1,0.740603682,SY,M,2020,6,18,673,-1.65203,13.64,2.899519231,-2.583333333,3.651666667,1.123397437,-3.33E-09
20N01074,12.33,20.94,1.96,1.97,2,21,0.00771,Goose Lake State Park,OR,41.9942,5,0.523495672,ASY,M,2020,6,19,1464,-1.36,4.76,2.218388462,-2.875,1.781666667,0.905128207,-1.25
20N01075,12.37,21.8,1.96,1.97,2,22,0.00771,Goose Lake State Park,OR,41.9942,5,0.907250149,SY,F,2020,6,19,1464,-1.36,4.76,2.218388462,-2.875,1.781666667,0.905128207,-1.25
20N01076,11.23,20.23,1.96,1.97,2,21,0.00771,Goose Lake State Park,OR,41.9942,5,0.676043506,SY,M,2020,6,19,1464,-1.36,4.76,2.218388462,-2.875,1.781666667,0.905128207,-1.25
20N01077,11.31,20.53,1.96,1.97,2,20,0.00771,Goose Lake State Park,OR,41.9942,5,0.783364788,ASY,M,2020,6,19,1464,-1.36,4.76,2.218388462,-2.875,1.781666667,0.905128207,-1.25
20N01078,11.03,20.73,1.96,1.97,2,22,0.00771,Goose Lake State Park,OR,41.9942,5,1.191099657,ASY,M,2020,6,19,1464,-1.36,4.76,2.218388462,-2.875,1.781666667,0.905128207,-1.25
20N01087,11.47,21.33,1.96,1.97,2,21,0.01191,Hart Mountain NWR,OR,42.4947,6,1.213682847,ASY,F,2020,6,21,2002,0.5,4.6,1.936662308,-0.041666667,1.15,0.475641023,0.833333337
20N01089,13.48,22.83,1.96,1.97,2,21,0.01191,Hart Mountain NWR,OR,42.4947,6,0.867179887,ASY,M,2020,6,21,2002,0.5,4.6,1.936662308,-0.041666667,1.15,0.475641023,0.833333337
20N01090,14.27,25.33,2.01,2.01,3,21,0.01191,Hart Mountain NWR,OR,42.4947,6,0.878912658,SY,M,2020,6,21,2002,0.5,4.6,1.936662308,-0.041666667,1.15,0.475641023,0.833333337
20N01091,14.48,25.68,2.01,2.01,3,20,0.01191,Hart Mountain NWR,OR,42.4947,6,0.969549659,ASY,M,2020,6,21,2002,0.5,4.6,1.936662308,-0.041666667,1.15,0.475641023,0.833333337
20N01095,14.01,25.25,2.01,2.01,3,21,0.00887,"Wood River Wetland, Chiloquin",OR,42.5812,2,0.990971516,SY,M,2020,6,24,1268,-1.76,6.68,2.29226,-2.125,1.611666667,0.970833333,-0.916666667
20N01096,13.12,23.87,2.01,2.01,3,19,0.00887,"Wood River Wetland, Chiloquin",OR,42.5812,2,0.713768291,ASY,M,2020,6,24,1268,-1.76,6.68,2.29226,-2.125,1.611666667,0.970833333,-0.916666667
20N01097,14.11,25.97,2.01,2.01,3,21,0.00887,"Wood River Wetland, Chiloquin",OR,42.5812,2,1.451161991,ASY,F,2020,6,24,1268,-1.76,6.68,2.29226,-2.125,1.611666667,0.970833333,-0.916666667
20N01098,13.95,25.49,2.01,2.01,3,21,0.00887,"Wood River Wetland, Chiloquin",OR,42.5812,2,1.228354403,SY,M,2020,6,24,1268,-1.76,6.68,2.29226,-2.125,1.611666667,0.970833333,-0.916666667
20N01099,15.06,25.78,2.01,2.01,3,20,0.00887,"Wood River Wetland, Chiloquin",OR,42.5812,2,0.690059788,ASY,M,2020,6,25,1268,-1.76,6.68,2.29226,-2.125,1.611666667,0.970833333,-0.916666667
20N01103,14.82,25.6,2.01,2.01,3,21,0.00794,Klamath Marsh NWR,OR,42.8378,3,0.7267619,SY,M,2020,6,25,1492,-0.25,6.92,2.038200769,-4.25,2.038333333,1.064102563,0
20N01104,16.22,26.81,2.01,2.01,3,21,0.00794,Klamath Marsh NWR,OR,42.8378,3,0.631997024,ASY,M,2020,6,26,1492,-0.25,6.92,2.038200769,-4.25,2.038333333,1.064102563,0
20N01105,15.24,25.38,2.01,2.01,3,21,0.00794,Klamath Marsh NWR,OR,42.8378,3,0.463012979,ASY,M,2020,6,26,1492,-0.25,6.92,2.038200769,-4.25,2.038333333,1.064102563,0
20N01106,15.03,25.14,2.01,2.01,3,21,0.00794,Klamath Marsh NWR,OR,42.8378,3,0.4535094,ASY,F,2020,6,26,1492,-0.25,6.92,2.038200769,-4.25,2.038333333,1.064102563,0
20N01107,15.11,25.04,2.01,2.01,3,20,0.00794,Klamath Marsh NWR,OR,42.8378,3,0.396299869,ASY,M,2020,6,26,1492,-0.25,6.92,2.038200769,-4.25,2.038333333,1.064102563,0
20N01113,15.22,26.03,2.01,2.01,3,20,0.00746,Phillips Lake,OR,44.6689,9,0.737045586,SY,M,2020,6,30,1260,-1.36,3.12,2.768863846,-13.45833333,1.38,0.81634615,1.33333333
20N01114,14.62,26.07,2.01,2.01,3,21,0.00746,Phillips Lake,OR,44.6689,9,1.151875872,ASY,M,2020,6,29,1260,-1.36,3.12,2.768863846,-13.45833333,1.38,0.81634615,1.33333333
20N01115,13.69,25.27,2.01,2.01,3,21,0.00746,Phillips Lake,OR,44.6699,9,1.257275352,ASY,M,2020,6,29,1260,-1.36,3.12,2.768863846,-13.45833333,1.38,0.81634615,1.33333333
20N01116,14.16,25.05,2.01,2.01,3,21,0.00746,Phillips Lake,OR,44.6908,9,0.780700211,ASY,M,2020,6,29,1260,-1.36,3.12,2.768863846,-13.45833333,1.38,0.81634615,1.33333333
20N01117,14.27,25.61,2.01,2.01,3,21,0.00746,Phillips Lake,OR,44.6915,9,1.072426356,ASY,M,2020,6,29,1260,-1.36,3.12,2.768863846,-13.45833333,1.38,0.81634615,1.33333333
20N01125,14.24,25.55,2.01,2.01,3,21,0.00846,McNary NWR,WA,46.1378,7,1.040487247,ASY,M,2020,7,2,110,-6.19,2.6,3.263873846,-1.375,0.608333333,0.983012817,0.083333333
20N01126,13.6,25.82,2.01,2.01,3,21,0.00846,McNary NWR,WA,46.1378,7,1.9644332,ASY,F,2020,7,2,110,-6.19,2.6,3.263873846,-1.375,0.608333333,0.983012817,0.083333333
20N01127,14.32,25.24,2.01,2.01,3,20,0.00846,McNary NWR,WA,46.1321,7,0.793421449,ASY,M,2020,7,2,110,-6.19,2.6,3.263873846,-1.375,0.608333333,0.983012817,0.083333333
20N01128,14.71,25.51,2.01,2.01,3,20,0.00846,McNary NWR,WA,46.1318,7,0.734712294,ASY,F,2020,7,2,110,-6.19,2.6,3.263873846,-1.375,0.608333333,0.983012817,0.083333333
20N01129,15.44,26.14,2.01,2.01,3,21,0.00846,McNary NWR,WA,46.1318,7,0.683621826,SY,M,2020,7,2,110,-6.19,2.6,3.263873846,-1.375,0.608333333,0.983012817,0.083333333
20N01140,13.2,24.44,2.01,2.01,3,21,0.00589,Dragoon Creek,WA,47.8879,10,0.98858633,ASY,M,2020,7,7,609,0.61,4.44,3.528582308,-3.625,2.018333333,1.14230769,-0.25
20N01141,13.58,25,2,2,4,21,0.00589,Dragoon Creek,WA,47.8879,10,1.37567817,SY,F,2020,7,7,609,0.61,4.44,3.528582308,-3.625,2.018333333,1.14230769,-0.25
20N01142,12.87,24.79,2,2,4,21,0.00589,Dragoon Creek,WA,47.8879,10,1.945166966,SY,M,2020,8,7,609,0.61,4.44,3.528582308,-3.625,2.018333333,1.14230769,-0.25
20N01143,13.78,24.94,2,2,4,20,0.00589,Dragoon Creek,WA,47.8879,10,1.15475847,SY,F,2020,8,7,609,0.61,4.44,3.528582308,-3.625,2.018333333,1.14230769,-0.25
20N01152,13.27,24.89,2,2,4,20,0.00624,Rapid Lightning Wildlife Management Unit,ID,48.3596,13,1.504816895,SY,F,2020,7,9,730,-0.23,9.52,2.998801538,-5.708333333,2.646666667,1.053205127,-0.1666667
20N01154,13.86,25.17,2,2,4,21,0.00624,Rapid Lightning Wildlife Management Unit,ID,48.3595,13,1.283466971,ASY,M,2020,7,9,730,-0.23,9.52,2.998801538,-5.708333333,2.646666667,1.053205127,-0.1666667
20N01156,13.36,24.14,2,2,4,20,0.00624,Rapid Lightning Wildlife Management Unit,ID,48.3595,13,0.892981672,ASY,M,2020,7,10,730,-0.23,9.52,2.998801538,-5.708333333,2.646666667,1.053205127,-0.1666667
20N01158,13.61,24.39,2,2,4,21,0.01015,"Old Steele Bridge, Shady Lane Pond, Flathead River",MT,48.212,14,0.886849591,ASY,M,2020,7,11,891,-1.08,1.2,1.31074,-5.041666667,0.758333333,0.245833333,0.375000033
20N01159,13.46,24.51,2,2,4,20,0.01015,"Old Steele Bridge, Shady Lane Pond, Flathead River",MT,48.2112,14,1.072270959,SY,F,2020,7,11,891,-1.08,1.2,1.31074,-5.041666667,0.758333333,0.245833333,0.375000033
20N01160,13.44,24.44,2,2,4,20,0.01015,"Old Steele Bridge, Shady Lane Pond, Flathead River",MT,48.2112,14,1.035695221,ASY,M,2020,7,11,891,-1.08,1.2,1.31074,-5.041666667,0.758333333,0.245833333,0.375000033
20N01161,13.16,24.96,2,2,4,21,0.01015,"Old Steele Bridge, Shady Lane Pond, Flathead River",MT,48.2112,14,1.646855755,SY,M,2020,7,11,891,-1.08,1.2,1.31074,-5.041666667,0.758333333,0.245833333,0.375000033
20N01162,13.51,24.61,2,2,4,21,0.01015,"Old Steele Bridge, Shady Lane Pond, Flathead River",MT,48.2131,14,1.113470679,ASY,M,2020,7,11,891,-1.08,1.2,1.31074,-5.041666667,0.758333333,0.245833333,0.375000033
20N01176,16.46,26.87,2,2,4,,0.00513,Missouri Confluence State Park,MT,45.9264,16,0.689467884,ASY,M,2020,7,13,1268,-0.21,3,0.118041538,-0.833333333,1.5,-0.23846154,-1.1666667
20N01179,19.38,30.02,2,2,4,21,0.00513,Missouri Confluence State Park,MT,45.9198,16,0.814965094,ASY,M,2020,7,14,1269,-0.21,3,0.118041538,-0.833333333,1.5,-0.23846154,-1.1666667
20N01184,16.33,26.4,2,2,4,21,0.00749,Harriman State Park,ID,44.3342,17,0.544138462,ASY,M,2020,7,15,1890,2.93,5.16,1.997552308,-0.5,2.506666667,1.233974357,-2.083333333
20N01185,18.64,29.43,2,2,4,20,0.00749,Harriman State Park,ID,44.3342,17,0.897284862,ASY,M,2020,7,15,1890,2.93,5.16,1.997552308,-0.5,2.506666667,1.233974357,-2.083333333
20N01186,15.72,27.19,2,2,4,20,0.00749,Harriman State Park,ID,44.3335,17,1.436192743,ASY,M,2020,7,15,1890,2.93,5.16,1.997552308,-0.5,2.506666667,1.233974357,-2.083333333
20N01188,15.5,23.87,2,1.99,5,20,0.00749,Harriman State Park,ID,44.3335,17,0.912331416,SY,M,2020,7,15,1890,2.93,5.16,1.997552308,-0.5,2.506666667,1.233974357,-2.083333333
20N01194,17.14,24.35,2,1.99,5,22,0.00522,Oceans Lake Wildlife Management Area,WY,43.2106,19,0.409448267,ASY,M,2020,7,17,1617,-0.48,1.96,0.917842308,1,0.206666667,-0.816025643,-0.375
20N01195,18.29,25.91,2,1.99,5,21,0.00522,Oceans Lake Wildlife Management Area,WY,43.2106,19,0.538017434,ASY,M,2020,7,17,1617,-0.48,1.96,0.917842308,1,0.206666667,-0.816025643,-0.375
20N01196b,14.47,21.48,2,1.99,5,21,0.00522,Oceans Lake Wildlife Management Area,WY,43.2114,19,0.358631393,SY,M,2020,7,17,1617,-0.48,1.96,0.917842308,1,0.206666667,-0.816025643,-0.375
20N01197,14.19,22.47,2,1.99,5,20,0.00522,Oceans Lake Wildlife Management Area,WY,43.2114,19,0.86582347,SY,M,2020,7,18,1617,-0.48,1.96,0.917842308,1,0.206666667,-0.816025643,-0.375
20N01200,14.8,22.16,2,1.99,5,20,0.01004,Loudy-Simpson Park,CO,40.4979,22,0.456681366,ASY,M,2020,7,19,1932,-2.23,3.2,1.152615385,2.791666667,1.675,0.882051287,0.666666633
20N01201,14.05,22.43,2,1.99,5,21,0.01004,Loudy-Simpson Park,CO,40.5062,22,0.924272713,ASY,M,2020,7,19,1911,-2.23,3.2,1.152615385,2.791666667,1.675,0.882051287,0.666666633
20N01203,14.12,22.69,2,1.99,5,20,0.01004,Loudy-Simpson Park,CO,40.4991,22,1.046944919,SY,M,2020,7,19,1932,-2.23,3.2,1.152615385,2.791666667,1.675,0.882051287,0.666666633
20N01204,14.3,22.12,2,1.99,5,20,0.01004,Loudy-Simpson Park,CO,40.4991,22,0.624345229,SY,M,2020,7,19,1932,-2.23,3.2,1.152615385,2.791666667,1.675,0.882051287,0.666666633
20N01205,14.59,22.12,2,1.99,5,21,0.01004,Loudy-Simpson Park,CO,40.5076,22,0.514947425,SY,M,2020,7,19,1911,-2.23,3.2,1.152615385,2.791666667,1.675,0.882051287,0.666666633
20N01206,13.84,20.28,2,1.99,5,21,0.01004,Loudy-Simpson Park,CO,40.4986,22,0.245365188,SY,M,2020,7,19,1932,-2.23,3.2,1.152615385,2.791666667,1.675,0.882051287,0.666666633
20N01213,15.15,23.39,2,1.99,5,21,0.01789,Crawford State Park,CO,38.6875,21,0.837467582,ASY,M,2020,7,21,2022,-0.56,2.72,1.146100769,3.25,0.863333333,0.764102563,1.375
20N01214,14.67,23.62,2,1.99,5,20,0.01789,Crawford State Park,CO,38.687,21,1.663122114,SY,M,2020,7,21,2022,-0.56,2.72,1.146100769,3.25,0.863333333,0.764102563,1.375
20N01217,15.34,24.52,2,1.99,5,20,0.01789,Crawford State Park,CO,38.6792,21,1.687255848,ASY,M,2020,7,21,2022,-0.56,2.72,1.146100769,3.25,0.863333333,0.764102563,1.375
20N01219,15.49,23.83,2,1.99,5,20,0.00642,Trinidad State Park,CO,37.1189,23,0.8154366,ASY,M,2020,7,25,1989,-1.2,3,0.722984615,4.083333333,-0.375,0.601282047,0.375000033
20N01220,14.58,22.94,2,1.99,5,20,0.00642,Trinidad State Park,CO,37.1193,23,0.992905428,SY,M,2020,7,25,1989,-1.2,3,0.722984615,4.083333333,-0.375,0.601282047,0.375000033
20N01222,14.49,23.07,2,1.99,5,21,0.00642,Trinidad State Park,CO,37.1233,23,1.219899439,ASY,M,2020,7,26,1989,-1.2,3,0.722984615,4.083333333,-0.375,0.601282047,0.375000033
20N01241,14.3,24.77,2,1.98,6,,0.00765,Imperial Beach,CA,32.558727,12,0.919407847,ASY,M,2020,5,6,9,1.74,2.4,1.253849231,0.083333333,0.433333333,0.85673077,0.166666667
20N01242,16.05,24.77,2,1.98,6,,0.00765,Imperial Beach,CA,32.558727,12,0.334086576,SY,M,2020,5,6,9,1.74,2.4,1.253849231,0.083333333,0.433333333,0.85673077,0.166666667
20N01243,13.93,25.16,2,1.98,6,,0.00765,Imperial Beach,CA,32.558727,12,1.214571905,SY,M,2020,5,6,9,1.74,2.4,1.253849231,0.083333333,0.433333333,0.85673077,0.166666667
20N01244,13.76,24.77,2,1.98,6,,0.00765,Imperial Beach,CA,32.558727,12,0.946113775,SY,M,2020,5,6,9,1.74,2.4,1.253849231,0.083333333,0.433333333,0.85673077,0.166666667
20N01245,17.23,24.29,2,1.98,6,,0.00765,Imperial Beach,CA,32.558727,12,1.307981343,SY,M,2020,5,6,9,1.74,2.4,1.253849231,0.083333333,0.433333333,0.85673077,0.166666667
20N01246,14.43,28.13,2,1.98,6,,0.02787,Imperial Beach,CA,33.267029,11,1.209622131,ASY,F,2020,5,13,65,0.61,3.44,1.633385385,0.083333333,1.476666667,0.86538462,0.29166667
20N01247,14.05,25.29,2,1.98,6,,0.00765,Imperial Beach,CA,32.558727,12,1.269263416,ASY,M,2020,5,15,9,1.74,2.4,1.253849231,0.083333333,0.433333333,0.85673077,0.166666667
20N01248,13.93,25.01,2,1.98,6,,0.00765,Imperial Beach,CA,32.558727,12,1.132140715,SY,M,2020,5,15,9,1.74,2.4,1.253849231,0.083333333,0.433333333,0.85673077,0.166666667
20N01253,14.28,24.71,2,1.98,6,,0.00765,Imperial Beach,CA,32.558727,12,1.050064663,SY,M,2020,5,6,9,1.74,2.4,1.253849231,0.083333333,0.433333333,0.85673077,0.166666667
20N01256,14.15,25.22,2,1.98,6,,0.00765,Imperial Beach,CA,32.558727,12,1.079601289,ASY,M,2020,5,22,9,1.74,2.4,1.253849231,0.083333333,0.433333333,0.85673077,0.166666667
20N01257,13.84,24.81,2,1.98,6,,0.00765,Imperial Beach,CA,32.558727,12,1.542195591,ASY,F,2020,5,22,9,1.74,2.4,1.253849231,0.083333333,0.433333333,0.85673077,0.166666667
20N01259,13.71,24.28,2,1.98,6,,0.00765,Imperial Beach,CA,32.558727,12,1.517810343,ASY,M,2020,5,6,9,1.74,2.4,1.253849231,0.083333333,0.433333333,0.85673077,0.166666667
20N01260,14.19,24.97,2,1.98,6,,0.02787,San Clemente,CA,33.267029,11,0.939678566,ASY,M,2020,6,12,65,0.61,3.44,1.633385385,0.083333333,1.476666667,0.86538462,0.29166667
20N01261,13.86,24.96,2,1.98,6,,0.00765,Imperial Beach,CA,32.558727,12,1.309185021,ASY,M,2020,4,24,9,1.74,2.4,1.253849231,0.083333333,0.433333333,0.85673077,0.166666667
20N01263,13.88,25.08,2,1.98,6,,0.00765,Imperial Beach,CA,32.558727,12,1.806676649,ASY,M,2020,5,22,9,1.74,2.4,1.253849231,0.083333333,0.433333333,0.85673077,0.166666667
20N01264,13.2,24.81,2,1.98,6,,0.02787,San Clemente,CA,33.267029,11,0.766132368,SY,M,2020,5,27,65,0.61,3.44,1.633385385,0.083333333,1.476666667,0.86538462,0.29166667
20N01305,14.21,24.63,2,1.98,6,,0.02787,San Clemente,CA,33.267029,11,0.63476793,SY,F,2020,6,9,65,0.61,3.44,1.633385385,0.083333333,1.476666667,0.86538462,0.29166667
20N01042,13.63,24.34,2,2,7,21,0.01037,"Max's Landing, Wofford Heights",CA,35.717,8,1.494963664,ASY,M,2020,6,8,950,-2.9,6.76,2.617111538,1.25,1.448333333,0.869871793,1.875
20N01049,13.31,24.06,2,2,7,20,0.01037,Inyo National Forest,CA,37.2462,8,1.523764549,ASY,M,2020,6,11,2917,-2.9,6.76,2.617111538,1.25,1.448333333,0.869871793,1.875
20N01052,13.74,24,2,2,7,21,0.01037,Inyo National Forest,CA,37.2488,8,1.206121208,ASY,M,2020,6,11,2934,-2.9,6.76,2.617111538,1.25,1.448333333,0.869871793,1.875
20N01053,13.13,23.97,2,2,7,19,0.00654,Tahoe National Forest,CA,38.8086,4,1.734352805,SY,M,2020,6,12,1646,-1.36319,19.92,2.730287692,-0.666666667,6.58,1.249358977,0.833333337
20N01061,11.61,22.95,2,2,7,20,0.00654,Tahoe National Forest,CA,38.8096,4,2.353550318,ASY,M,2020,6,14,1646,-1.36319,19.92,2.730287692,-0.666666667,6.58,1.249358977,0.833333337
20N01062,10.78,21.16,2,2,7,20,0.00654,Tahoe National Forest,CA,38.8096,4,1.175718089,SY,F,2020,6,14,1646,-1.36319,19.92,2.730287692,-0.666666667,6.58,1.249358977,0.833333337
20N01063,11.16,21.41,2,2,7,20,0.00654,Tahoe National Forest,CA,38.8096,4,1.078731174,ASY,M,2020,6,14,1646,-1.36319,19.92,2.730287692,-0.666666667,6.58,1.249358977,0.833333337
20N01070,13.33,24.65,2,2,7,21,0.0092,Trinity River,CA,40.6956,1,2.254659725,ASY,M,2020,6,18,673,-1.65203,13.64,2.899519231,-2.583333333,3.651666667,1.123397437,-3.33E-09
20N01071,13.22,23.75,2,2,7,21,0.0092,Trinity River,CA,40.6956,1,1.299033079,ASY,M,2020,6,18,673,-1.65203,13.64,2.899519231,-2.583333333,3.651666667,1.123397437,-3.33E-09
20N01072,13.19,23.19,2,2,7,19,0.0092,Trinity River,CA,40.7601,1,0.903785182,ASY,M,2020,6,18,733,-1.65203,13.64,2.899519231,-2.583333333,3.651666667,1.123397437,-3.33E-09
20N01073,14.14,23.66,2,2,7,22,0.0092,Lewiston Lake,CA,40.7685,1,0.646569628,ASY,M,2020,6,18,733,-1.65203,13.64,2.899519231,-2.583333333,3.651666667,1.123397437,-3.33E-09
20N01233,13.53,24.28,2,2,7,,0.00371,"Crookston, MN",MN,47.797249,25,0.961666937,SY,F,2020,7,9,269,0.92,1.8,-1.796975385,-2.833333333,0.033333333,-1.236217953,-6.0416667
20N01276,13.57,24.62,2,2,7,,0.00501,Fort Custer Training Center,MI,40.654613,32,1.518101664,ASY,M,2020,6,25,175,0.502,7.16,0.351775385,17.79166667,1.59,-0.53461538,2.7083333
20N01280,13.13,24.1,2,2,7,,0.00501,Fort Custer Training Center,MI,40.654613,32,1.870734429,ASY,M,2020,8,25,175,0.502,7.16,0.351775385,17.79166667,1.59,-0.53461538,2.7083333
20N01293,12.92,23.89,2,2,7,,0.00388,Fort Custer Training Center,MI,42.296944,30,1.764860859,ASY,M,2020,6,2,276,3.15,3.44,-0.882027692,5.166666667,0.518333333,-1.33269231,-6.333333367
20N01294,13.83,23.94,2,2,7,,0.00388,Fort Custer Training Center,MI,42.296944,30,1.60731177,ASY,M,2020,6,11,276,3.15,3.44,-0.882027692,5.166666667,0.518333333,-1.33269231,-6.333333367
20N01297,13.5,24.37,2,2,7,,0.00388,Fort Custer Training Center,MI,42.296944,30,0.968355345,ASY,M,2020,6,4,276,3.15,3.44,-0.882027692,5.166666667,0.518333333,-1.33269231,-6.333333367
20N01300,15.28,24.37,2,2,7,,0.00587,Fort Custer Training Center,MI,42.166906,29,1.580154918,ASY,M,2020,5,16,266,3.15,4.48,-0.993871538,5.458333333,0.436666667,-1.544871793,-6.916666633
20N01302,13.35,23.69,2,2,7,,0.00388,Fort Custer Training Center,MI,42.296944,30,0.477363324,ASY,M,2020,6,2,276,3.15,3.44,-0.882027692,5.166666667,0.518333333,-1.33269231,-6.333333367
20N01306,13.45,24.35,2,2,7,,0.00388,Fort Custer Training Center,MI,42.296944,30,1.141061135,ASY,M,2020,6,2,276,3.15,3.44,-0.882027692,5.166666667,0.518333333,-1.33269231,-6.333333367
20N01314,13.27,24.08,2,2,7,,0.00388,Fort Custer Training Center,MI,42.296944,30,1.613396362,ASY,F,2020,6,4,276,3.15,3.44,-0.882027692,5.166666667,0.518333333,-1.33269231,-6.333333367
20N01317,15.04,25.13,2,2,7,,0.00388,Fort Custer Training Center,MI,42.296944,30,1.448397064,SY,M,2020,6,11,276,3.15,3.44,-0.882027692,5.166666667,0.518333333,-1.33269231,-6.333333367
20N01230,20.52,29.83,1.99,2,8,,0.00388,Delevan,NY,42.499513,30,3.174651788,ASY,M,2020,6,12,540,3.15,3.44,-0.882027692,5.166666667,0.518333333,-1.33269231,-6.333333367
20N01231,20.13,29.73,1.99,2,8,,0.00388,Delevan,NY,42.499513,30,2.84063199,ASY,F,2020,6,12,540,3.15,3.44,-0.882027692,5.166666667,0.518333333,-1.33269231,-6.333333367
20N01232,19.41,30.1,1.99,2,8,,0.00388,Delevan,NY,42.499513,30,3.088887199,SY,F,2020,7,27,540,3.15,3.44,-0.882027692,5.166666667,0.518333333,-1.33269231,-6.333333367
20N01234,20.25,31.09,1.99,2,8,,0.00371,"Crookston, MN",MN,47.797249,25,0.84830111,ASY,M,2020,6,22,269,0.92,1.8,-1.796975385,-2.833333333,0.033333333,-1.236217953,-6.0416667
20N01235,21.02,30.48,1.99,2,8,,0.00371,"Crookston, MN",MN,47.797249,25,1.033484757,ASY,M,2020,6,22,269,0.92,1.8,-1.796975385,-2.833333333,0.033333333,-1.236217953,-6.0416667
20N01236,20.88,30.59,1.99,2,8,,0.00371,"Crookston, MN",MN,47.797249,25,2.19523066,ASY,M,2020,7,9,269,0.92,1.8,-1.796975385,-2.833333333,0.033333333,-1.236217953,-6.0416667
20N01237,20.46,30.44,1.99,2,8,,0.00371,"Crookston, MN",MN,47.797249,25,2.763767744,ASY,M,2020,7,9,269,0.92,1.8,-1.796975385,-2.833333333,0.033333333,-1.236217953,-6.0416667
20N01238,20.16,29.76,1.99,2,8,,0.00371,"Crookston, MN",MN,47.797249,25,0.851130409,SY,F,2020,7,22,269,0.92,1.8,-1.796975385,-2.833333333,0.033333333,-1.236217953,-6.0416667
20N01239,20.03,29.55,1.99,2,8,,0.00371,"Crookston, MN",MN,47.797249,25,1.122307457,SY,F,2020,7,22,269,0.92,1.8,-1.796975385,-2.833333333,0.033333333,-1.236217953,-6.0416667
20N01240,19.11,29.27,1.99,2,8,,0.00371,"Crookston, MN",MN,47.797249,25,1.352418303,ASY,F,2020,7,30,269,0.92,1.8,-1.796975385,-2.833333333,0.033333333,-1.236217953,-6.0416667
20N01283,19.33,29.3,1.99,2,8,,0.00602,"Hillsborough, NJ",NJ,40.32,37,1.039864621,ASY,M,2020,6,13,27,0.12,9,1.309209231,18.54166667,3.125,0.20673077,3.499999967
20N01284,19.13,29.28,1.99,2,8,,0.00602,"Hillsborough, NJ",NJ,40.32,37,0.978118177,ASY,M,2020,6,5,27,0.12,9,1.309209231,18.54166667,3.125,0.20673077,3.499999967
20N01289,19.78,29.88,1.99,2,8,,0.00602,"Hillsborough, NJ",NJ,40.32,37,1.365046843,ASY,F,2020,5,25,27,0.12,9,1.309209231,18.54166667,3.125,0.20673077,3.499999967
20N01290,20.34,31.07,1.99,2,8,,0.00602,"Hillsborough, NJ",NJ,40.32,37,1.599522935,ASY,F,2020,6,13,27,0.12,9,1.309209231,18.54166667,3.125,0.20673077,3.499999967
20N01295,19.51,29.31,1.99,2,8,,0.00602,"Hillsborough, NJ",NJ,40.32,37,2.263291893,ASY,F,2020,6,5,27,0.12,9,1.309209231,18.54166667,3.125,0.20673077,3.499999967
20N01296,19.15,30.29,1.99,2,8,,0.00602,"Hillsborough, NJ",NJ,40.32,37,1.195272544,SY,F,2020,5,25,27,0.12,9,1.309209231,18.54166667,3.125,0.20673077,3.499999967
20N01374,19.24,30.3,1.99,2,8,,0.00572,Sand Island East down towpath,PA,40.617531,35,6.043140214,ASY,M,2020,5,19,116,0.502,8,0.487117692,18.125,2.5,-0.438141023,2.791666667
20N01375,19.15,30.28,1.99,2,8,,0.00572,Sand Island East down towpath,PA,40.617315,35,2.765049518,ASY,F,2020,5,19,116,0.502,8,0.487117692,18.125,2.5,-0.438141023,2.791666667
20N01376,19.6,31.8,1.99,2,8,,0.00572,Sand Island East down towpath,PA,40.617315,35,3.345806152,ASY,M,2020,5,19,116,0.502,8,0.487117692,18.125,2.5,-0.438141023,2.791666667
20N01379,15.11,23.38,1.99,2.1,9,,0.00572,Sand Island & West to Locks and Party place,PA,40.614738,34,0.924355857,ASY,M,2020,5,20,146,0.502,8,0.487117692,18.125,2.5,-0.438141023,2.791666667
20N01382,13.15,22.95,2.01,2.01,9,,0.00572,Sand Island & West to Locks and Party place,PA,40.613769,34,0.994544362,ASY,M,2020,5,20,146,0.502,8,0.487117692,18.125,2.5,-0.438141023,2.791666667
20N01383,15.25,23.51,2.01,2.01,9,,0.00572,Sand Island & West to Locks and Party place,PA,40.613769,34,1.68673152,ASY,F,2020,5,20,146,0.502,8,0.487117692,18.125,2.5,-0.438141023,2.791666667
20N01388,14.11,23.13,2.01,2.01,9,,0.00534,Canal Park Allentown,PA,40.602846,33,0.948413927,SY,M,2020,5,22,127,0.502,7,0.257235385,17.75,2.083333333,-0.47211538,2.583333333
20N01389,14.49,22.68,2.01,2.01,9,,0.00534,Canal Park Allentown,PA,40.602846,33,1.614786768,SY,M,2020,5,22,127,0.502,7,0.257235385,17.75,2.083333333,-0.47211538,2.583333333
20N01391,14.1,23.05,2.01,2.01,9,,0.00534,Canal Park Allentown,PA,40.599337,33,0.450986976,ASY,M,2020,5,22,127,0.502,7,0.257235385,17.75,2.083333333,-0.47211538,2.583333333
20N01392,13.77,22.92,2.01,2.01,9,,0.00534,Canal Park Allentown,PA,40.605116,33,1.046743816,ASY,M,2020,5,22,127,0.502,7,0.257235385,17.75,2.083333333,-0.47211538,2.583333333
20N01393,16.16,23.27,2.01,2.01,9,,0.00534,Canal Park Allentown,PA,40.605116,33,0.766982814,SY,M,2020,5,22,127,0.502,7,0.257235385,17.75,2.083333333,-0.47211538,2.583333333
20N01394,14.81,23.29,2.01,2.01,9,,0.00534,Canal Park Allentown,PA,40.605116,33,0.528495314,ASY,M,2020,5,22,127,0.502,7,0.257235385,17.75,2.083333333,-0.47211538,2.583333333
20N01395,13.41,21.3,2.01,2.01,9,,0.00534,Canal Park Allentown,PA,40.599777,33,0.396486793,ASY,F,2020,5,22,127,0.502,7,0.257235385,17.75,2.083333333,-0.47211538,2.583333333
20N01396,14.18,21.71,2.01,2.01,9,,0.00534,Canal Park Allentown,PA,40.603754,33,0.984607203,ASY,M,2020,5,22,127,0.502,7,0.257235385,17.75,2.083333333,-0.47211538,2.583333333
20N01398,15.12,22.06,2.01,2.01,9,,0.00572,"Bethlehem, Riverside Dr. near Prison",PA,40.611509,34,2.46427486,SY,M,2020,5,23,146,0.502,8,0.487117692,18.125,2.5,-0.438141023,2.791666667
20N01399,13.34,21.59,2.01,2.01,9,,0.00572,"Bethlehem, Riverside Dr. near Prison",PA,40.611509,34,0.847097134,SY,M,2020,5,23,146,0.502,8,0.487117692,18.125,2.5,-0.438141023,2.791666667
20N01401,13.06,22.62,2.01,2.01,9,,0.00572,"Bethlehem, PA",PA,40.615317,35,1.255097554,SY,M,2020,5,24,146,0.502,8,0.487117692,18.125,2.5,-0.438141023,2.791666667
20N01402,13.49,21.31,2.01,2.01,9,,0.00572,"Bethlehem, PA",PA,40.615254,35,1.635610391,SY,F,2020,5,24,146,0.502,8,0.487117692,18.125,2.5,-0.438141023,2.791666667
20N01403,13.19,21.78,2.01,2.01,9,,0.00572,"Bethlehem, PA",PA,40.615254,35,0.92536067,SY,M,2020,5,24,146,0.502,8,0.487117692,18.125,2.5,-0.438141023,2.791666667
20N01404,12.69,21.46,2.01,2.01,9,,0.00572,"Bethlehem, PA",PA,40.615614,35,1.065191276,SY,F,2020,5,24,146,0.502,8,0.487117692,18.125,2.5,-0.438141023,2.791666667
20N01405,13.35,21.51,2.01,2.01,9,,0.00572,"Bethlehem, PA",PA,40.615614,35,0.522104801,SY,M,2020,5,24,146,0.502,8,0.487117692,18.125,2.5,-0.438141023,2.791666667
20N01406,13.32,21.67,2.01,2.01,9,,0.00572,"Freemansburg, PA",PA,40.634133,35,0.662453396,SY,F,2020,5,24,111,0.502,8,0.487117692,18.125,2.5,-0.438141023,2.791666667
20N01407,14.29,21.63,2.01,2.01,9,,0.00572,"Freemansburg, PA",PA,40.634133,35,0.911657612,ASY,M,2020,5,24,111,0.502,8,0.487117692,18.125,2.5,-0.438141023,2.791666667
20N01408,14.01,21.69,2.01,2.01,9,,0.00572,"Freemansburg, PA",PA,40.634133,35,0.865747456,ASY,M,2020,5,24,111,0.502,8,0.487117692,18.125,2.5,-0.438141023,2.791666667
20N01409,14.26,22.4,2.01,2.01,9,,0.00572,"Bethlehem, PA",PA,40.615663,35,0.553910607,ASY,M,2020,5,25,146,0.502,8,0.487117692,18.125,2.5,-0.438141023,2.791666667
20N01425,13.21,21.28,2.01,2.01,9,,0.00501,"Orefield, PA",PA,40.661252,32,0.813202838,ASY,M,2020,6,4,175,0.502,7.16,0.351775385,17.79166667,1.59,-0.53461538,2.7083333
20N01229,14.93333333,24.87333333,1.99,2.1,10,,0.00901,Ste-Anne-De-Bellevue,QUEBEC,45.430658,39,1.632544296,ASY,M,2020,8,3,34,0.96,8.72,-0.466726154,11.83333333,4.03,-0.737820517,0.375000033
20N01250,15.4,25,1.99,2.1,10,,0.00901,Ste-Anne-De-Bellevue,QUEBEC,45.430658,39,0.777682107,ASY,M,2020,8,2,34,0.96,8.72,-0.466726154,11.83333333,4.03,-0.737820517,0.375000033
20N01251,14.47333333,24.5,1.99,2.1,10,,0.00901,Ste-Anne-De-Bellevue,QUEBEC,45.430658,39,0.826974944,ASY,M,2020,8,13,34,0.96,8.72,-0.466726154,11.83333333,4.03,-0.737820517,0.375000033
20N01252,14.35333333,25.2,1.99,2.1,10,,0.00901,Ste-Anne-De-Bellevue,QUEBEC,45.430658,39,0.771094695,ASY,M,2020,7,31,34,0.96,8.72,-0.466726154,11.83333333,4.03,-0.737820517,0.375000033
20N01267,15.06,24.94333333,1.99,2.1,10,,0.0067,Godmanchester,QUEBEC,45.0885,38,1.470744296,ASY,F,2020,6,13,59,0.12,6.8,-0.891438462,11.79166667,3.125,0.20673077,3.499999967
20N01268,14.75333333,24.74,1.99,2.1,10,,0.00901,Ste-Anne-De-Bellevue,QUEBEC,45.430658,39,0.765779252,ASY,F,2020,8,8,34,0.96,8.72,-0.466726154,11.83333333,4.03,-0.737820517,0.375000033
20N01270,14.96,25.02666667,1.99,2.1,10,,0.00901,Ste-Anne-De-Bellevue,QUEBEC,45.430658,39,0.98888489,SY,M,2020,8,2,34,0.96,8.72,-0.466726154,11.83333333,4.03,-0.737820517,0.375000033
20N01271,13.48,24.35,1.99,2.1,10,,0.00901,Ste-Anne-De-Bellevue,QUEBEC,45.430658,39,1.045766496,SY,F,2020,8,2,34,0.96,8.72,-0.466726154,11.83333333,4.03,-0.737820517,0.375000033
20N01274,15.04333333,24.90666667,1.99,2.1,10,,0.00901,Ste-Anne-De-Bellevue,QUEBEC,45.430658,39,0.747558376,ASY,F,2020,8,6,34,0.96,8.72,-0.466726154,11.83333333,4.03,-0.737820517,0.375000033
20N01291,14.45333333,24.87666667,1.99,2.1,10,,0.0067,Godmanchester,QUEBEC,45.0885,38,1.193644648,ASY,M,2020,6,17,59,0.12,6.8,-0.891438462,11.79166667,1.866666667,-1.18846154,-0.125000033
20N01431,14.19666667,24.47666667,1.99,2.1,10,,0.00501,"Orefield, PA",PA,40.649856,32,0.804956956,ASY,M,2020,6,5,164,0.502,7.16,0.351775385,17.79166667,1.59,-0.53461538,2.7083333
20N01432,14.44333333,24.68,1.99,2.1,10,,0.00501,"Orefield, PA",PA,40.660519,32,0.645070463,SY,M,2020,6,5,175,0.502,7.16,0.351775385,17.79166667,1.59,-0.53461538,2.7083333
20N01433,14.51,25.74,1.99,2.1,10,,0.00501,"Orefield, PA",PA,40.659742,32,0.832718124,SY,M,2020,6,5,175,0.502,7.16,0.351775385,17.79166667,1.59,-0.53461538,2.7083333
20N01461,14.50666667,25.68333333,1.99,2.1,10,,0.0067,Godmanchester,QUEBEC,45.0885,38,0.888627557,ASY,M,2020,6,26,59,0.12,6.8,-0.891438462,11.79166667,1.866666667,-1.18846154,-0.125000033
20N01462,14.66333333,24.53,1.99,2.1,10,,0.0067,Godmanchester,QUEBEC,45.0885,38,0.513567159,ASY,M,2020,6,13,59,0.12,6.8,-0.891438462,11.79166667,1.866666667,-1.18846154,-0.125000033
20N01464,14.71333333,25.19,1.99,2.1,10,,0.0067,Godmanchester,QUEBEC,45.0885,38,0.779907501,ASY,F,2020,6,13,59,0.12,6.8,-0.891438462,11.79166667,1.866666667,-1.18846154,-0.125000033
20N01465,14.75666667,24.76,1.99,2.1,10,,0.0067,Godmanchester,QUEBEC,45.0885,38,1.929666248,ASY,F,2020,7,15,59,0.12,6.8,-0.891438462,11.79166667,1.866666667,-1.18846154,-0.125000033
20N01079,11.88,27.03,2.01,2,11,20,0.00771,Goose Lake State Park,OR,41.9938,5,1.614241901,SY,M,2020,6,19,1464,-1.36,4.76,2.218388462,-2.875,1.781666667,0.905128207,-1.25
20N01080,11.91,28.29,2.01,2,11,20,0.00771,Goose Lake State Park,OR,41.9938,5,3.774074835,ASY,M,2020,6,19,1464,-1.36,4.76,2.218388462,-2.875,1.781666667,0.905128207,-1.25
20N01081,13.06,29.03,2.01,2,11,21,0.00771,Goose Lake State Park,OR,41.9938,5,2.607499493,ASY,M,2020,6,19,1464,-1.36,4.76,2.218388462,-2.875,1.781666667,0.905128207,-1.25
20N01082,12.64,26.87,2.01,2,11,21,0.00771,Goose Lake State Park,OR,41.9938,5,0.85595675,ASY,F,2020,6,19,1464,-1.36,4.76,2.218388462,-2.875,1.781666667,0.905128207,-1.25
20N01083,14.74,29.17,2.01,2,11,21,0.00771,Goose Lake State Park,OR,41.9956,5,0.97534543,ASY,M,2020,6,20,1464,-1.36,4.76,2.218388462,-2.875,1.781666667,0.905128207,-1.25
20N01319,13.23,24.4,2,2,12,,0.00388,Fort Custer Training Center,MI,42.296944,30,1.465219776,SY,M,2020,6,12,276,3.15,3.44,-0.882027692,5.166666667,0.518333333,-1.33269231,-6.333333367
20N01320,14.09,24.91,2,2,12,,0.00587,Fort Custer Training Center,MI,42.166906,29,1.142276315,ASY,F,2020,6,12,276,3.15,4.48,-0.993871538,5.458333333,0.436666667,-1.544871793,-6.916666633
20N01329,13.23,24.65,2,2,12,,0.00388,Fort Custer Training Center,MI,42.296944,30,1.736073227,ASY,M,2020,6,24,276,3.15,3.44,-0.882027692,5.166666667,0.518333333,-1.33269231,-6.333333367
20N01340,12.49,24.46,2,2,12,,0.00388,Fort Custer Training Center,MI,42.296944,30,2.96904969,SY,F,2020,6,25,276,3.15,3.44,-0.882027692,5.166666667,0.518333333,-1.33269231,-6.333333367
20N01349,14.16,24.4,2,2,12,,0.00388,Fort Custer Training Center,MI,42.296944,30,0.767507412,SY,F,2020,7,2,276,3.15,3.44,-0.882027692,5.166666667,0.518333333,-1.33269231,-6.333333367
20N01350,13.37,24.52,2,2,12,,0.00388,Fort Custer Training Center,MI,42.296944,30,1.370447078,ASY,M,2020,7,2,276,3.15,3.44,-0.882027692,5.166666667,0.518333333,-1.33269231,-6.333333367
20N01357,12.42,23.84,2,2,12,,0.00388,Fort Custer Training Center,MI,42.296944,30,1.812001052,ASY,F,2020,7,3,276,3.15,3.44,-0.882027692,5.166666667,0.518333333,-1.33269231,-6.333333367
20N01365,13.27,24.2,2,2,12,,0.00388,Fort Custer Training Center,MI,42.296944,30,1.241295306,ASY,F,2020,7,28,276,3.15,3.44,-0.882027692,5.166666667,0.518333333,-1.33269231,-6.333333367
20N01384,15.22,26,2,2,12,,0.00572,Sand Island & West to Locks and Party place,PA,40.616905,34,1.112116205,SY,M,2020,5,20,146,0.502,8,0.487117692,18.125,2.5,-0.438141023,2.791666667
20N01451,12.35,24.78,2,2,12,,0.00501,"Orefield, PA",PA,40.655871,31,3.31694153,SY,M,2020,6,8,191,-0.5,7.16,0.291133846,17.79166667,1.673333333,-0.504487183,2.874999967
20N01452,14.12,25.17,2,2,12,,0.00501,"Orefield, PA",PA,40.655081,31,1.350589818,ASY,F,2020,6,8,191,-0.5,7.16,0.291133846,17.79166667,1.673333333,-0.504487183,2.874999967
20N01456,12.97,24.22,2,2,12,,0.00501,"Orefield, PA",PA,40.652462,31,1.545606826,ASY,M,2020,6,10,191,-0.5,7.16,0.291133846,17.79166667,1.673333333,-0.504487183,2.874999967
20N01470,13.29,24.38,2,2,12,,0.0067,Godmanchester,QUEBEC,45.0885,38,1.385197507,SY,M,2020,6,17,59,0.12,6.8,-0.891438462,11.79166667,1.866666667,-1.18846154,-0.125000033
20N01475,13.28,26.85,2,2,12,,0.0067,Godmanchester,QUEBEC,45.0885,38,1.69194866,SY,M,2020,6,26,59,0.12,6.8,-0.891438462,11.79166667,1.866666667,-1.18846154,-0.125000033
20N01476,13.14,24.51,2,2,12,,0.0067,Godmanchester,QUEBEC,45.0885,38,1.329522158,ASY,M,2020,6,26,59,0.12,6.8,-0.891438462,11.79166667,1.866666667,-1.18846154,-0.125000033
20N01478,13.16,24.19,2,2,12,,0.0067,Godmanchester,QUEBEC,45.0885,38,1.234549918,ASY,M,2020,7,4,59,0.12,6.8,-0.891438462,11.79166667,1.866666667,-1.18846154,-0.125000033
20N01482,13.27,24.2,2,2,12,,0.0067,Godmanchester,QUEBEC,45.0885,38,1.709226992,ASY,M,2020,7,15,59,0.12,6.8,-0.891438462,11.79166667,1.866666667,-1.18846154,-0.125000033
20N01483,12.24,24.09,2,2,12,,0.0067,Godmanchester,QUEBEC,45.0885,38,1.398831013,SY,M,2020,7,25,59,0.12,6.8,-0.891438462,11.79166667,1.866666667,-1.18846154,-0.125000033
20N01026,13,24.74,1.99,2.01,13,21,0.00497,"Buenos Aires NWR, Arivica Lake",AZ,31.5252,18,0.842328114,SY,M,2020,5,31,1195,1.98,1.44,1.111523077,2.916666667,-0.481666667,0.92307692,-0.333333367
20N01029,11.74,23.43,1.99,2.01,13,21,0.00497,"Bethlehem, PA",AZ,31.5252,18,0.89878081,ASY,F,2020,5,31,1195,1.98,1.44,1.111523077,2.916666667,-0.481666667,0.92307692,-0.333333367
20N01030,12.52,22.71,1.99,2.01,13,20,0.00497,"Buenos Aires NWR, Arivica Lake",AZ,31.5266,18,0.705632576,ASY,F,2020,5,31,1195,1.98,1.44,1.111523077,2.916666667,-0.481666667,0.92307692,-0.333333367
20N01100,12.5,22.78,1.99,2.01,13,21,0.00887,"Wood River Wetland, Chiloquin",OR,42.5812,2,0.980357913,SY,F,2020,6,25,1268,-1.76,6.68,2.29226,-2.125,1.611666667,0.970833333,-0.916666667
20N01101,12.36,22.29,1.99,2.01,13,21,0.00887,"Wood River Wetland, Chiloquin",OR,42.5812,2,0.654048792,ASY,F,2020,6,25,1268,-1.76,6.68,2.29226,-2.125,1.611666667,0.970833333,-0.916666667
20N01102,12.25,22.77,1.99,2.01,13,21,0.00887,"Wood River Wetland, Chiloquin",OR,42.5812,2,1.240653806,SY,F,2020,6,25,1268,-1.76,6.68,2.29226,-2.125,1.611666667,0.970833333,-0.916666667
20N01190,13.58,23.39,1.99,2.01,13,21,0.00749,Harriman State Park,ID,44.3291,17,1.000341425,SY,M,2020,7,15,1884,2.93,5.16,1.997552308,-0.5,2.506666667,1.233974357,-2.083333333
20N01192,12,22.61,1.99,2.01,13,21,0.00749,Harriman State Park,ID,44.3279,17,1.587254785,ASY,M,2020,7,15,1884,2.93,5.16,1.997552308,-0.5,2.506666667,1.233974357,-2.083333333
20N01193,14.44,25.16,1.99,2.01,13,21,0.00749,Harriman State Park,ID,44.3279,17,1.016479722,SY,M,2020,7,15,1884,2.93,5.16,1.997552308,-0.5,2.506666667,1.233974357,-2.083333333
20N01397,14.07,25.06,1.99,2.01,13,,0.00534,Northampton,PA,40.69348,33,0.8038031,SY,M,2020,5,23,134,0.502,7.16,0.351775385,17.79166667,2.083333333,-0.47211538,2.583333333
20N01410,13.59,24.67,1.99,2.01,13,,0.00572,"Bethlehem, PA",PA,40.615663,35,1.486522871,ASY,M,2020,5,25,146,0.502,8,0.487117692,18.125,2.5,-0.438141023,2.791666667
20N01418,12.63,23.09,1.99,2.01,13,,0.00536,"Easton, PA",PA,40.674442,36,0.656663892,SY,M,2020,5,27,103,0.502,8.8,0.532503846,18.41666667,2.783333333,-0.404487183,2.874999967
20N01449,13.55,23.66,1.99,2.01,13,,0.00501,"Orefield, PA",PA,40.656393,31,1.314203601,SY,M,2020,6,8,191,-0.5,7.16,0.291133846,17.79166667,1.673333333,-0.504487183,2.874999967
20N01450,12.59,23.7,1.99,2.01,13,,0.00501,"Orefield, PA",PA,40.656834,31,1.402569209,ASY,M,2020,6,8,191,-0.5,7.16,0.291133846,17.79166667,1.673333333,-0.504487183,2.874999967
20N01453,13.32,23.14,1.99,2.01,13,,0.00501,"Orefield, PA",PA,40.655081,31,1.167847611,ASY,M,2020,6,8,191,-0.5,7.16,0.291133846,17.79166667,1.673333333,-0.504487183,2.874999967
20N01454,12.39,23.22,1.99,2.01,13,,0.00501,"Orefield, PA",PA,40.654531,31,1.631705604,SY,M,2020,6,10,191,-0.5,7.16,0.291133846,17.79166667,1.673333333,-0.504487183,2.874999967
20N01455,12.38,23.31,1.99,2.01,13,,0.00501,"Orefield, PA",PA,40.653683,31,1.223600691,SY,M,2020,6,10,191,-0.5,7.16,0.291133846,17.79166667,1.673333333,-0.504487183,2.874999967
20N01457,12.42,23.08,1.99,2.01,13,,0.00501,"Orefield, PA",PA,40.650915,31,0.718895566,ASY,M,2020,6,10,191,-0.5,7.16,0.291133846,17.79166667,1.673333333,-0.504487183,2.874999967
20N01458,12.36,23.5,1.99,2.01,13,,0.00536,"Martins Creek, PA",PA,40.82061,36,1.404162237,SY,M,2020,6,11,112,0.502,8.8,0.532503846,18.41666667,2.783333333,-0.404487183,2.874999967
20N01459,12.5,23.23,1.99,2.01,13,,0.00536,"Martins Creek, PA",PA,40.820261,36,2.381999584,SY,F,2020,6,11,112,0.502,8.8,0.532503846,18.41666667,2.783333333,-0.404487183,2.874999967
20N01460,12.54,22.5,1.99,2.01,13,,0.00536,"Martins Creek, PA",PA,40.820269,36,0.605977241,SY,M,2020,6,11,112,0.502,8.8,0.532503846,18.41666667,2.783333333,-0.404487183,2.874999967
20N01386,13.58,25,2,2,14,,0.00572,Sand Island & West to Locks and Party place,PA,40.614799,34,3.461527912,ASY,M,2020,5,21,146,0.502,8,0.487117692,18.125,2.5,-0.438141023,2.791666667
20N01387,12.87,24.79,2,2,14,,0.00572,Sand Island & West to Locks and Party place,PA,40.614799,34,3.446203233,SY,M,2020,5,21,146,0.502,8,0.487117692,18.125,2.5,-0.438141023,2.791666667
20N01411,13.78,24.94,2,2,14,,0.00536,"East Bangor, PA",PA,40.884161,36,0.563914844,ASY,M,2020,5,26,217,0.502,8.8,0.532503846,18.41666667,2.783333333,-0.404487183,2.874999967
20N01412,13.31,24.96,2,2,14,,0.00536,"East Bangor, PA",PA,40.8844,36,1.053418759,SY,M,2020,5,26,217,0.502,8.8,0.532503846,18.41666667,2.783333333,-0.404487183,2.874999967
20N01413,13.27,24.89,2,2,14,,0.00536,"East Bangor, PA",PA,40.887089,36,0.897304631,SY,M,2020,5,26,217,0.502,8.8,0.532503846,18.41666667,2.783333333,-0.404487183,2.874999967
20N01414,14.47,24.93,2,2,14,,0.00536,"East Bangor, PA",PA,40.887089,36,1.02739741,SY,M,2020,5,26,217,0.502,8.8,0.532503846,18.41666667,2.783333333,-0.404487183,2.874999967
20N01415,13.86,25.17,2,2,14,,0.00536,"East Bangor, PA",PA,40.886322,36,0.816561327,SY,M,2020,5,26,217,0.502,8.8,0.532503846,18.41666667,2.783333333,-0.404487183,2.874999967
20N01416,13.36,24.14,2,2,14,,0.00536,"East Bangor, PA",PA,40.886322,36,0.809048216,ASY,M,2020,5,26,217,0.502,8.8,0.532503846,18.41666667,2.783333333,-0.404487183,2.874999967
20N01417,13.61,24.39,2,2,14,,0.00536,"East Bangor, PA",PA,40.886322,36,1.40364631,SY,M,2020,5,26,217,0.502,8.8,0.532503846,18.41666667,2.783333333,-0.404487183,2.874999967
20N01419,13.46,24.51,2,2,14,,0.00536,"Easton, PA",PA,40.680637,36,0.866944968,SY,M,2020,5,27,103,0.502,8.8,0.532503846,18.41666667,2.783333333,-0.404487183,2.874999967
20N01420,13.44,24.44,2,2,14,,0.00534,Canal Park Allentown,PA,40.598364,33,1.526241707,ASY,M,2020,5,29,127,0.502,7,0.257235385,17.75,2.083333333,-0.47211538,2.583333333
20N01421,13.16,24.96,2,2,14,,0.00534,Canal Park Allentown,PA,40.600661,33,1.095573732,ASY,M,2020,5,29,127,0.502,7,0.257235385,17.75,2.083333333,-0.47211538,2.583333333
20N01422,15.35,26.34,2,2,14,,0.00534,Canal Park Allentown,PA,40.598582,33,0.891795326,ASY,M,2020,5,29,127,0.502,7,0.257235385,17.75,2.083333333,-0.47211538,2.583333333
20N01423,16.46,26.87,2,2,14,,0.00534,Canal Park Allentown,PA,40.599341,33,1.00970028,SY,M,2020,5,29,127,0.502,7,0.257235385,17.75,2.083333333,-0.47211538,2.583333333
20N01424,19.38,30.02,2,2,14,,0.00536,"Easton, PA",PA,40.676979,36,1.162435719,SY,M,2020,6,3,99,0.502,8.8,0.532503846,18.41666667,2.783333333,-0.404487183,2.874999967
20N01434,16.33,26.4,2,2,14,,0.00501,"Orefield, PA",PA,40.649966,32,0.941257642,ASY,M,2020,6,5,164,0.502,7.16,0.351775385,17.79166667,1.59,-0.53461538,2.7083333
20N01435,18.64,29.43,2,2,14,,0.00501,"Orefield, PA",PA,40.649734,32,1.104136939,ASY,M,2020,6,5,164,0.502,7.16,0.351775385,17.79166667,1.59,-0.53461538,2.7083333
20N01436,15.97,29.19,2,2,14,,0.00501,"Orefield, PA",PA,40.649734,32,1.304942482,ASY,M,2020,6,5,164,0.502,7.16,0.351775385,17.79166667,1.59,-0.53461538,2.7083333
20N01437,15.72,27.19,2,2,14,,0.00501,"Orefield, PA",PA,40.651758,32,1.111798259,SY,M,2020,6,6,164,0.502,7.16,0.351775385,17.79166667,1.59,-0.53461538,2.7083333
20N01438,15.56,27.25,2,2,14,,0.00501,"Orefield, PA",PA,40.651225,32,0.998547307,SY,M,2020,6,6,164,0.502,7.16,0.351775385,17.79166667,1.59,-0.53461538,2.7083333
20N01440,12.93,25,2,2,14,,0.00501,"Orefield, PA",PA,40.649966,32,1.145474924,SY,M,2020,6,6,164,0.502,7.16,0.351775385,17.79166667,1.59,-0.53461538,2.7083333
20N01466,13.31,24.96,2,2,14,,0.0067,Godmanchester,QUEBEC,45.0885,38,1.522464264,ASY,F,2020,7,15,59,0.12,6.8,-0.891438462,11.79166667,1.866666667,-1.18846154,-0.125000033
20N01467,12.57,23.52,2,2,14,,0.0067,Godmanchester,QUEBEC,45.0885,38,1.84458242,ASY,M,2020,6,17,59,0.12,6.8,-0.891438462,11.79166667,1.866666667,-1.18846154,-0.125000033
20N01468,15.72,27.19,2,2,14,,0.0067,Gila NF,QUEBEC,45.0885,38,1.688935738,ASY,M,2020,6,13,59,0.12,6.8,-0.891438462,11.79166667,1.866666667,-1.18846154,-0.125000033
20N01308,13.46,28.5,1.98,2,15,,0.00388,Fort Custer Training Center,MI,42.296944,30,0.951537956,ASY,M,2020,7,2,276,3.15,3.44,-0.882027692,5.166666667,0.518333333,-1.33269231,-6.333333367
20N01318,14.05,28.36,1.98,2,15,,0.00587,Fort Custer Training Center,MI,42.166906,29,2.432652726,ASY,F,2020,6,12,276,3.15,4.48,-0.993871538,5.458333333,0.436666667,-1.544871793,-6.916666633
20N01325,13.38,28.32,1.98,2,15,,0.00388,Fort Custer Training Center,MI,42.296944,30,0.804211456,ASY,M,2020,6,24,276,3.15,3.44,-0.882027692,5.166666667,0.518333333,-1.33269231,-6.333333367
20N01327,14.53,29.41,1.98,2,15,,0.00587,Fort Custer Training Center,MI,42.166906,29,2.068740785,SY,F,2020,6,24,276,3.15,4.48,-0.993871538,5.458333333,0.436666667,-1.544871793,-6.916666633
20N01332,13.26,27.63,1.98,2,15,,0.00388,Fort Custer Training Center,MI,42.296944,30,2.719031534,ASY,M,2020,6,24,276,3.15,3.44,-0.882027692,5.166666667,0.518333333,-1.33269231,-6.333333367
20N01333,13.58,29.2,1.98,2,15,,0.00388,Fort Custer Training Center,MI,42.296944,30,1.747793516,SY,M,2020,6,24,276,3.15,3.44,-0.882027692,5.166666667,0.518333333,-1.33269231,-6.333333367
20N01334,14.22,28.05,1.98,2,15,,0.00388,Fort Custer Training Center,MI,42.296944,30,1.287299255,SY,F,2020,6,24,276,3.15,3.44,-0.882027692,5.166666667,0.518333333,-1.33269231,-6.333333367
20N01335,13.51,29.33,1.98,2,15,,0.00388,Fort Custer Training Center,MI,42.296944,30,0.929258497,SY,F,2020,6,24,276,3.15,3.44,-0.882027692,5.166666667,0.518333333,-1.33269231,-6.333333367
20N01338,13.44,29.12,1.98,2,15,,0.00388,Fort Custer Training Center,MI,42.296944,30,0.859959654,ASY,M,2020,6,25,276,3.15,3.44,-0.882027692,5.166666667,0.518333333,-1.33269231,-6.333333367
20N01339,14.09,28.76,1.98,2,15,,0.00388,Fort Custer Training Center,MI,42.296944,30,0.966467722,SY,M,2020,6,25,276,3.15,3.44,-0.882027692,5.166666667,0.518333333,-1.33269231,-6.333333367
20N01347,13.37,27.9,1.98,2,15,,0.00388,Fort Custer Training Center,MI,42.296944,30,1.326543197,SY,M,2020,7,2,276,3.15,3.44,-0.882027692,5.166666667,0.518333333,-1.33269231,-6.333333367
20N01348,13.36,27.72,1.98,2,15,,0.00388,Fort Custer Training Center,MI,42.296944,30,1.072894165,SY,M,2020,7,2,276,3.15,3.44,-0.882027692,5.166666667,0.518333333,-1.33269231,-6.333333367
20N01355,13.75,28.11,1.98,2,15,,0.00388,Fort Custer Training Center,MI,42.296944,30,1.621394526,SY,F,2020,7,3,276,3.15,3.44,-0.882027692,5.166666667,0.518333333,-1.33269231,-6.333333367
20N01356,14.09,28.86,1.98,2,15,,0.00388,Fort Custer Training Center,MI,42.296944,30,2.621881749,ASY,F,2020,7,3,276,3.15,3.44,-0.882027692,5.166666667,0.518333333,-1.33269231,-6.333333367
20N01364,13.92,28.75,1.98,2,15,,0.00388,Fort Custer Training Center,MI,42.296944,30,1.279771552,ASY,M,2020,7,28,276,3.15,3.44,-0.882027692,5.166666667,0.518333333,-1.33269231,-6.333333367
20N01439,13.09,28.94,1.98,2,15,,0.00501,"Orefield, PA",PA,40.650619,32,1.523743378,ASY,M,2020,6,6,164,0.502,7.16,0.351775385,17.79166667,1.59,-0.53461538,2.7083333
20N01441,13.4,27.98,1.98,2,15,,0.00501,"Orefield, PA",PA,40.647152,32,0.928839633,SY,M,2020,6,6,164,0.502,7.16,0.351775385,17.79166667,1.59,-0.53461538,2.7083333
20N01442,14.21,28.54,1.98,2,15,,0.00501,"Orefield, PA",PA,40.648296,32,1.250814574,SY,M,2020,6,6,164,0.502,7.16,0.351775385,17.79166667,1.59,-0.53461538,2.7083333
20N01443,14.22,29.55,1.98,2,15,,0.00501,"Orefield, PA",PA,40.649961,32,1.369653154,SY,F,2020,6,7,164,0.502,7.16,0.351775385,17.79166667,1.59,-0.53461538,2.7083333
20N01445,14.05,29.39,1.98,2,15,,0.00501,"Orefield, PA",PA,40.648972,32,0.958706708,SY,M,2020,6,7,164,0.502,7.16,0.351775385,17.79166667,1.59,-0.53461538,2.7083333
20N01446,13.41,27.68,1.98,2,15,,0.00501,"Orefield, PA",PA,40.64887,32,1.793324353,ASY,M,2020,6,7,164,0.502,7.16,0.351775385,17.79166667,1.59,-0.53461538,2.7083333
20N01447,13.19,29.02,1.98,2,15,,0.00501,"Orefield, PA",PA,40.648583,32,0.662416459,SY,M,2020,6,7,164,0.502,7.16,0.351775385,17.79166667,1.59,-0.53461538,2.7083333
20N01448,13.02,28.51,1.98,2,15,,0.00501,"Orefield, PA",PA,40.648111,32,0.938536941,ASY,M,2020,6,7,164,0.502,7.16,0.351775385,17.79166667,1.59,-0.53461538,2.7083333
20N01486,14.2,28.52,1.98,2,15,,0.00388,Fort Custer Training Center,MI,42.296944,30,0.893451621,SY,F,2020,6,4,276,3.15,3.44,-0.882027692,5.166666667,0.518333333,-1.33269231,-6.333333367
20N01011,15.77,26.45,2.02,2.02,16,21,0.00768,Gila NF,NM,32.8331,20,1.093391644,SY,F,2020,5,27,1442,0.37,2.96,1.838980769,3.875,1.54,1.559935897,1.125
20N01108,14.68,25.42,2.02,2.02,16,21,0.00794,Klamath Marsh NWR,OR,42.8378,3,1.145963049,ASY,F,2020,6,26,1492,-0.25,6.92,2.038200769,-4.25,2.038333333,1.064102563,0
20N01109,14.75,25.58,2.02,2.02,16,21,0.00794,Klamath Marsh NWR,OR,42.8378,3,1.216269985,ASY,M,2020,6,26,1492,-0.25,6.92,2.038200769,-4.25,2.038333333,1.064102563,0
20N01111,15.61,25.86,2.02,2.02,16,20,0.00794,"Ochoco National Forest, Wildcat Campground",OR,42.9649,3,0.81828176,ASY,M,2020,6,26,1387,-0.25,6.92,2.038200769,-4.25,2.038333333,1.064102563,0
20N01112,16.12,27.11,2.02,2.02,16,20,0.00794,"Ochoco National Forest, Wildcat Campground",OR,42.9649,3,1.195241274,ASY,M,2020,6,28,1387,-0.25,6.92,2.038200769,-4.25,2.038333333,1.064102563,0
20N01120,15.02,25.73,2.02,2.02,16,20,0.00746,Phillips Lake,OR,44.6733,9,1.118190713,SY,M,2020,7,1,1382,0.61,3.12,2.768863846,-13.45833333,1.38,0.81634615,1.33333333
20N01121,14.42,25.82,2.02,2.02,16,20,0.00746,Phillips Lake,OR,44.6736,9,1.926718488,ASY,M,2020,7,1,1382,0.61,3.12,2.768863846,-13.45833333,1.38,0.81634615,1.33333333
20N01122,15.08,25.65,2.02,2.02,16,19,0.00746,Phillips Lake,OR,44.674,9,1.018452038,ASY,M,2020,7,1,1382,0.61,3.12,2.768863846,-13.45833333,1.38,0.81634615,1.33333333
20N01123,15.68,26.29,2.02,2.02,16,19,0.00746,Phillips Lake,OR,44.6733,9,1.045348052,ASY,F,2020,7,1,1382,0.61,3.12,2.768863846,-13.45833333,1.38,0.81634615,1.33333333
20N01124,14.11,24.57,2.02,2.02,16,21,0.00746,Phillips Lake,OR,44.6724,9,0.935409421,ASY,M,2020,7,1,1382,0.61,3.12,2.768863846,-13.45833333,1.38,0.81634615,1.33333333
20N01130,16.1,26.59,2.02,2.02,16,20,0.00846,McNary NWR,WA,46.1323,7,0.964050864,ASY,M,2020,7,2,110,-6.19,2.6,3.263873846,-1.375,0.608333333,0.983012817,0.083333333
20N01131,16.9,27.28,2.02,2.02,16,21,0.00846,McNary NWR,WA,46.1661,7,0.888624003,SY,M,2020,7,3,103,-6.19,2.6,3.263873846,-1.375,0.608333333,0.983012817,0.083333333
20N01137,16.49,26.71,2.02,2.02,16,20,0.00846,McNary NWR,WA,46.1577,7,0.791302797,ASY,M,2020,7,3,103,-6.19,2.6,3.263873846,-1.375,0.608333333,0.983012817,0.083333333
20N01138,14.7,25.33,2.02,2.02,16,19,0.00846,McNary NWR,WA,46.1533,7,1.058700517,ASY,M,2020,7,3,103,-6.19,2.6,3.263873846,-1.375,0.608333333,0.983012817,0.083333333
20N01139,16.34,26.72,2.02,2.02,16,21,0.00846,McNary NWR,WA,46.1533,7,0.893882976,ASY,M,2020,7,3,103,-6.19,2.6,3.263873846,-1.375,0.608333333,0.983012817,0.083333333
20N01147,14.48,25.37,2.02,2.02,16,21,0.00589,"Riverside State Park, Spokane House",WA,47.8498,10,1.267514,ASY,M,2020,8,7,674,0.61,4.44,3.528582308,-3.625,2.018333333,1.14230769,-0.25
20N01149,16.82,27.67,2.02,2.02,16,20,0.00589,"Riverside State Park, Spokane House",WA,47.7856,10,1.317640276,ASY,M,2020,8,7,537,0.61,4.44,3.528582308,-3.625,2.018333333,1.14230769,-0.25
20N01150,14.2,25.13,2.02,2.02,16,20,0.00589,"Riverside State Park, Spokane House",WA,47.7856,10,1.309461958,ASY,M,2020,8,7,537,0.61,4.44,3.528582308,-3.625,2.018333333,1.14230769,-0.25
20N01164,16.41,26.65,2.02,2.02,16,21,0.01015,"Old Steele Bridge, Shady Lane Pond, Flathead River",MT,48.2132,14,0.810457957,SY,M,2020,7,12,891,-1.08,1.2,1.31074,-5.041666667,0.758333333,0.245833333,0.375000033
20N01165,17.17,27.17,2.02,2.02,16,20,0.01015,"Old Steele Bridge, Shady Lane Pond, Flathead River",MT,48.215,14,0.680372719,SY,M,2020,7,12,891,-1.08,1.2,1.31074,-5.041666667,0.758333333,0.245833333,0.375000033
20N01167,15.13,25.95,2.02,2.02,16,21,0.01015,"Old Steele Bridge, Shady Lane Pond, Flathead River",MT,48.2143,14,1.20408678,ASY,M,2020,7,13,891,-1.08,1.2,1.31074,-5.041666667,0.758333333,0.245833333,0.375000033
20N01168,17.31,28.51,2.02,2.02,16,21,0.01015,"Old Steele Bridge, Shady Lane Pond, Flathead River",MT,48.2143,14,1.523404148,ASY,M,2020,7,13,891,-1.08,1.2,1.31074,-5.041666667,0.758333333,0.245833333,0.375000033
20N01018,21.93,30.42,2.08,1.98,17,21,0.00768,Gila NF,NM,32.8314,20,0.651982482,SY,F,2020,5,28,1442,0.37,2.96,1.838980769,3.875,1.54,1.559935897,1.125
20N01019,22.92,30.71,2.08,1.98,17,21,0.00768,Gila NF,NM,32.8314,20,0.408672285,ASY,M,2020,5,28,1442,0.37,2.96,1.838980769,3.875,1.54,1.559935897,1.125
20N01041,20.74,30.28,2.08,1.98,17,20,0.00485,Lynx Lake,AZ,34.5433,15,1.354533275,ASY,F,2020,6,3,1685,-0.68,3.08,1.934096923,3.208333333,-0.038333333,1.110256413,1.625000033
20N01084,20.76,30.35,2.08,1.98,17,22,0.00771,Goose Lake State Park,OR,41.9952,5,1.326535357,ASY,M,2020,6,20,1464,-1.36,4.76,2.218388462,-2.875,1.781666667,0.905128207,-1.25
20N01086,19.44,28.13,2.08,1.98,17,22,0.00771,Goose Lake State Park,OR,41.9947,5,0.768980667,ASY,F,2020,6,20,1464,-1.36,4.76,2.218388462,-2.875,1.781666667,0.905128207,-1.25
20N01092,20.39,29.19,2.08,1.98,17,21,0.01191,Hart Mountain NWR,OR,42.4957,6,0.822348661,SY,M,2020,6,22,2002,0.5,4.6,1.936662308,-0.041666667,1.15,0.475641023,0.833333337
20N01093,21.28,31.37,2.08,1.98,17,20,0.01191,Hart Mountain NWR,OR,42.4957,6,1.886471015,ASY,M,2020,6,22,2002,0.5,4.6,1.936662308,-0.041666667,1.15,0.475641023,0.833333337
20N01094,20.49,29.58,2.08,1.98,17,21,0.01191,Hart Mountain NWR,OR,42.4947,6,1.127285527,ASY,F,2020,6,22,2002,0.5,4.6,1.936662308,-0.041666667,1.15,0.475641023,0.833333337
20N01145,19.47,28.84,2.08,1.98,17,20,0.00589,Dragoon Creek,WA,47.888,10,1.28055889,ASY,M,2020,8,7,609,0.61,4.44,3.528582308,-3.625,2.018333333,1.14230769,-0.25
20N01170,22,30.59,2.08,1.98,17,20,0.01015,"Old Steele Bridge, Shady Lane Pond, Flathead River",MT,48.2143,14,0.702951431,SY,M,2020,7,13,891,-1.08,1.2,1.31074,-5.041666667,0.758333333,0.245833333,0.375000033
20N01172,24.07,31.89,2.08,1.98,17,20,0.01015,"Old Steele Bridge, Shady Lane Pond, Flathead River",MT,48.2143,14,0.637073885,SY,M,2020,7,13,891,-1.08,1.2,1.31074,-5.041666667,0.758333333,0.245833333,0.375000033
20N01180,21.73,29.05,2.08,1.98,17,21,0.00513,Missouri Confluence State Park,MT,45.9198,16,0.993766716,ASY,M,2020,7,14,1269,-0.21,3,0.118041538,-0.833333333,1.5,-0.23846154,-1.1666667
20N01198,21.04,29.53,2.08,1.98,17,20,0.00522,Oceans Lake Wildlife Management Area,WY,43.2112,19,0.659204277,ASY,F,2020,7,18,1617,-0.48,1.96,0.917842308,1,0.206666667,-0.816025643,-0.375
20N01199,19.66,29.05,2.08,1.98,17,20,0.00522,Oceans Lake Wildlife Management Area,WY,43.2129,19,1.24195216,ASY,M,2020,7,18,1617,-0.48,1.96,0.917842308,1,0.206666667,-0.816025643,-0.375
20N01211,21.34,30.41,2.08,1.98,17,20,0.01004,Loudy-Simpson Park,CO,40.994,22,0.9796254,ASY,F,2020,7,20,1996,-2.23,3.2,1.152615385,2.791666667,1.675,0.882051287,0.666666633
20N01212,22.07,30.22,2.08,1.98,17,20,0.01004,Loudy-Simpson Park,CO,40.994,22,0.608663824,ASY,M,2020,7,20,1996,-2.23,3.2,1.152615385,2.791666667,1.675,0.882051287,0.666666633
20N1210,20.27,29.48,2.08,1.98,17,21,0.01004,Loudy-Simpson Park,CO,40.994,22,0.993969223,SY,M,2020,7,20,1996,-2.23,3.2,1.152615385,2.791666667,1.675,0.882051287,0.666666633
20N01014,14.85,26,2.01,2,18,21,0.00768,Gila NF,NM,32.8323,20,1.089650527,ASY,M,2020,5,28,1442,0.37,2.96,1.838980769,3.875,1.54,1.559935897,1.125
20N01016,13.41,25.05,2.01,2,18,21,0.00768,Gila NF,NM,32.8323,20,1.771434746,SY,M,2020,5,28,1442,0.37,2.96,1.838980769,3.875,1.54,1.559935897,1.125
20N01032,17.23,28.55,2.01,2,18,20,0.00485,"Tonto NF, Seven Springs Wash",AZ,33.9699,15,1.312380402,SY,M,2020,6,1,1129,-0.68,3.08,1.934096923,3.208333333,-0.038333333,1.110256413,1.625000033
20N01036,15.26,25.74,2.01,2,18,21,0.00485,"Tonto NF, Seven Springs Wash",AZ,33.9677,15,0.739256297,ASY,M,2020,6,1,1129,-0.68,3.08,1.934096923,3.208333333,-0.038333333,1.110256413,1.625000033
20N01037,15.7,26.34,2.01,2,18,20,0.00485,"Tonto NF, Seven Springs Wash",AZ,33.9677,15,0.823394511,ASY,M,2020,6,2,1129,-0.68,3.08,1.934096923,3.208333333,-0.038333333,1.110256413,1.625000033
20N01038,15.65,26.07,2.01,2,18,20,0.00485,"Tonto NF, Seven Springs Wash",AZ,33.9677,15,5.59483648,ASY,M,2020,6,2,1129,-0.68,3.08,1.934096923,3.208333333,-0.038333333,1.110256413,1.625000033
20N01085,14.18,25.82,2.01,2,18,21,0.00771,Goose Lake State Park,OR,41.9947,5,1.645835127,ASY,M,2020,6,20,1464,-1.36,4.76,2.218388462,-2.875,1.781666667,0.905128207,-1.25
20N01118,14.35,26.14,2.01,2,18,19,0.00746,Phillips Lake,OR,44.6915,9,1.763968073,ASY,M,2020,6,29,1260,-1.36,3.12,2.768863846,-13.45833333,1.38,0.81634615,1.33333333
20N01119,15.78,26.41,2.01,2,18,21,0.00746,Phillips Lake,OR,44.6915,9,0.818617838,ASY,F,2020,6,29,1260,-1.36,3.12,2.768863846,-13.45833333,1.38,0.81634615,1.33333333
20N01163,12.58,24.03,2.01,2,18,21,0.01015,"Old Steele Bridge, Shady Lane Pond, Flathead River",MT,48.2131,14,1.451746258,SY,F,2020,7,12,891,-1.08,1.2,1.31074,-5.041666667,0.758333333,0.245833333,0.375000033
20N01275,15.04,25.9,2.01,2,18,,0.00901,Ste-Anne-De-Bellevue,QUEBEC,45.430658,39,1.92502152,ASY,M,2020,8,8,34,0.96,8.72,-0.466726154,11.83333333,4.03,-0.737820517,0.375000033
20N01301,15.51,27.31,2.01,2,18,,0.00587,Fort Custer Training Center,MI,42.166906,29,0.707588318,ASY,F,2020,5,16,266,3.15,4.48,-0.993871538,5.458333333,0.436666667,-1.544871793,-6.916666633
20N01313,14.72,26.34,2.01,2,18,,0.00388,Fort Custer Training Center,MI,42.296944,30,0.644890926,ASY,M,2020,6,2,276,3.15,3.44,-0.882027692,5.166666667,0.518333333,-1.33269231,-6.333333367
20N01324,17.54,28.51,2.01,2,18,,0.00587,Fort Custer Training Center,MI,42.166906,29,1.580876877,SY,F,2020,6,12,276,3.15,4.48,-0.993871538,5.458333333,0.436666667,-1.544871793,-6.916666633
20N01331,15.51,27.24,2.01,2,18,,0.00388,Fort Custer Training Center,MI,42.296944,30,1.483504011,SY,F,2020,6,24,276,3.15,3.44,-0.882027692,5.166666667,0.518333333,-1.33269231,-6.333333367
20N01463,15.04,26.91,2.01,2,18,,0.00901,Ste-Anne-De-Bellevue,QUEBEC,45.430658,39,0.963142026,ASY,F,2020,7,5,34,0.96,8.72,-0.466726154,11.83333333,4.03,-0.737820517,0.375000033
20N01469,14.85,26.25,2.01,2,18,,0.0067,Godmanchester,QUEBEC,45.0885,38,1.708595918,SY,F,2020,6,17,59,0.12,6.8,-0.891438462,11.79166667,1.866666667,-1.18846154,-0.125000033
20N01471,14.88,26.03,2.01,2,18,,0.00901,Ste-Anne-De-Bellevue,QUEBEC,45.430658,39,1.173649109,ASY,M,2020,6,19,34,0.96,8.72,-0.466726154,11.83333333,4.03,-0.737820517,0.375000033
20N01472,14.96,26.11,2.01,2,18,,0.00901,Ste-Anne-De-Bellevue,QUEBEC,45.430658,39,1.158124424,SY,M,2020,6,19,34,0.96,8.72,-0.466726154,11.83333333,4.03,-0.737820517,0.375000033
20N01473,15.01,26.14,2.01,2,18,,0.0067,Godmanchester,QUEBEC,45.0885,38,1.640165982,ASY,M,2020,6,26,59,0.12,6.8,-0.891438462,11.79166667,1.866666667,-1.18846154,-0.125000033
20N01477,14.75,26.44,2.01,2,18,,0.00901,Ste-Anne-De-Bellevue,QUEBEC,45.430658,39,1.390156229,ASY,M,2020,6,30,34,0.96,8.72,-0.466726154,11.83333333,4.03,-0.737820517,0.375000033
20N01479,15.21,26.69,2.01,2,18,,0.0067,Godmanchester,QUEBEC,45.0885,38,1.83732283,ASY,M,2020,7,4,59,0.12,6.8,-0.891438462,11.79166667,1.866666667,-1.18846154,-0.125000033
20N01481,15.28,26.87,2.01,2,18,,0.00501,Fort Custer Training Center,MI,40.654613,32,1.18036274,SY,F,2020,7,5,175,0.502,7.16,0.351775385,17.79166667,1.59,-0.53461538,2.7083333
20N01484,15.46,25.74,2.01,2,18,,0.0067,Godmanchester,QUEBEC,45.0885,38,1.636279982,ASY,F,2020,7,31,59,0.12,6.8,-0.891438462,11.79166667,1.866666667,-1.18846154,-0.125000033
20N01155,22.78,31.83,1.95,1.98,19,20,0.00624,Rapid Lightning Wildlife Management Unit,ID,48.3595,13,0.894004705,ASY,M,2020,7,10,730,-0.23,9.52,2.998801538,-5.708333333,2.646666667,1.053205127,-0.1666667
20N01277,20.85,30.66,1.95,1.98,19,,0.00501,Fort Custer Training Center,MI,40.654613,32,1.459380488,ASY,F,2020,7,15,175,0.502,7.16,0.351775385,17.79166667,1.59,-0.53461538,2.7083333
20N01278,20.24,30.56,1.95,1.98,19,,0.00501,Fort Custer Training Center,MI,40.654613,32,2.049488129,ASY,M,2020,6,12,175,0.502,7.16,0.351775385,17.79166667,1.59,-0.53461538,2.7083333
20N01299,20.45,30.7,1.95,1.98,19,,0.00388,Fort Custer Training Center,MI,42.296944,30,1.959938802,SY,F,2020,6,25,276,3.15,3.44,-0.882027692,5.166666667,0.518333333,-1.33269231,-6.333333367
20N01303,19.86,30.16,1.95,1.98,19,,0.00388,Fort Custer Training Center,MI,42.296944,30,2.010763195,ASY,M,2020,6,24,276,3.15,3.44,-0.882027692,5.166666667,0.518333333,-1.33269231,-6.333333367
20N01315,20.53,30.55,1.95,1.98,19,,0.00388,Fort Custer Training Center,MI,42.296944,30,1.674467112,SY,M,2020,6,4,276,3.15,3.44,-0.882027692,5.166666667,0.518333333,-1.33269231,-6.333333367
20N01321,20.19,30.36,1.95,1.98,19,,0.00388,Fort Custer Training Center,MI,42.296944,30,1.858360834,SY,M,2020,6,12,276,3.15,3.44,-0.882027692,5.166666667,0.518333333,-1.33269231,-6.333333367
20N01330,19.82,31.35,1.95,1.98,19,,0.00388,Fort Custer Training Center,MI,42.296944,30,4.625457433,SY,M,2020,6,24,276,3.15,3.44,-0.882027692,5.166666667,0.518333333,-1.33269231,-6.333333367
20N01336,21.38,30.86,1.95,1.98,19,,0.00388,Fort Custer Training Center,MI,42.296944,30,1.160573044,ASY,M,2020,6,24,276,3.15,3.44,-0.882027692,5.166666667,0.518333333,-1.33269231,-6.333333367
20N01337,21.41,31,1.95,1.98,19,,0.00388,Fort Custer Training Center,MI,42.296944,30,1.265344765,ASY,F,2020,6,24,276,3.15,3.44,-0.882027692,5.166666667,0.518333333,-1.33269231,-6.333333367
20N01343,20.52,30.67,1.95,1.98,19,,0.00388,Fort Custer Training Center,MI,42.296944,30,1.702493724,ASY,F,2020,6,25,276,3.15,3.44,-0.882027692,5.166666667,0.518333333,-1.33269231,-6.333333367
20N01344,21.78,30.96,1.95,1.98,19,,0.00388,Fort Custer Training Center,MI,42.296944,30,0.961616035,SY,M,2020,6,25,276,3.15,3.44,-0.882027692,5.166666667,0.518333333,-1.33269231,-6.333333367
20N01353,20.44,30.38,1.95,1.98,19,,0.00388,Fort Custer Training Center,MI,42.296944,30,1.585433019,SY,F,2020,7,3,276,3.15,3.44,-0.882027692,5.166666667,0.518333333,-1.33269231,-6.333333367
20N01009,20.32,28.99,1.97,1.98,20,21,0.00768,"Gila NF, River Vista",NM,32.8326,20,0.910834894,ASY,M,2020,5,27,1442,0.37,2.96,1.838980769,3.875,1.54,1.559935897,1.125
20N01010,19.84,28.08,1.97,1.98,20,22,0.00768,Gila NF,NM,32.8331,20,1.185530043,ASY,F,2020,5,27,1442,0.37,2.96,1.838980769,3.875,1.54,1.559935897,1.125
20N01012,20.36,28.27,1.97,1.98,20,21,0.00768,Gila NF,NM,32.8335,20,0.947707927,ASY,M,2020,5,27,1408,0.37,2.96,1.838980769,3.875,1.54,1.559935897,1.125
20N01134,20.68,28.58,1.97,1.98,20,21,0.00846,McNary NWR,WA,46.1661,7,0.942964581,SY,M,2020,7,3,103,-6.19,2.6,3.263873846,-1.375,0.608333333,0.983012817,0.083333333
20N01136,20.62,28.54,1.97,1.98,20,21,0.00846,McNary NWR,WA,46.1577,7,1.049769273,ASY,F,2020,7,3,103,-6.19,2.6,3.263873846,-1.375,0.608333333,0.983012817,0.083333333
20N01146,20.2,28.22,1.97,1.98,20,20,0.00589,"Riverside State Park, Spokane House",WA,47.8498,10,1.017970603,SY,M,2020,8,7,674,0.61,4.44,3.528582308,-3.625,2.018333333,1.14230769,-0.25
20N01258,18.4,28.43,1.97,1.98,20,,0.00642,Los Alamos National Lab,NM,35.874722,23,3.976061046,SY,F,2020,5,28,2222,-1.2,3,0.722984615,4.083333333,-0.375,0.601282047,0.375000033
20N01279,19.31,27.95,1.97,1.98,20,,0.00501,Fort Custer Training Center,MI,40.654613,32,1.475384456,ASY,M,2020,7,4,175,0.502,7.16,0.351775385,17.79166667,1.59,-0.53461538,2.7083333
20N01282,22.27,30.6,1.97,1.98,20,,0.00536,"Riverview park, powerline downstream of parking",PA,40.665217,36,1.207217493,ASY,M,2020,5,17,166,0.502,8.8,0.532503846,18.41666667,2.783333333,-0.404487183,2.874999967
20N01304,20.81,28.88,1.97,1.98,20,,0.00388,Fort Custer Training Center,MI,42.296944,30,1.055259248,ASY,M,2020,6,2,276,3.15,3.44,-0.882027692,5.166666667,0.518333333,-1.33269231,-6.333333367
20N01307,20.52,28.35,1.97,1.98,20,,0.00388,Fort Custer Training Center,MI,42.296944,30,0.903023841,ASY,M,2020,6,24,276,3.15,3.44,-0.882027692,5.166666667,0.518333333,-1.33269231,-6.333333367
20N01323,22.5,31.23,1.97,1.98,20,,0.00388,Fort Custer Training Center,MI,42.296944,30,1.679455004,SY,M,2020,6,12,276,3.15,3.44,-0.882027692,5.166666667,0.518333333,-1.33269231,-6.333333367
20N01326,19.72,27.66,1.97,1.98,20,,0.00388,Fort Custer Training Center,MI,42.296944,30,0.889755091,ASY,M,2020,7,31,276,3.15,3.44,-0.882027692,5.166666667,0.518333333,-1.33269231,-6.333333367
20N01345,19.88,29.48,1.97,1.98,20,,0.00388,Fort Custer Training Center,MI,42.296944,30,3.111744479,SY,F,2020,6,25,276,3.15,3.44,-0.882027692,5.166666667,0.518333333,-1.33269231,-6.333333367
20N01346,19.68,28.17,1.97,1.98,20,,0.00388,Fort Custer Training Center,MI,42.296944,30,1.506410096,ASY,F,2020,6,25,276,3.15,3.44,-0.882027692,5.166666667,0.518333333,-1.33269231,-6.333333367
20N01367,20.28,28.28,1.97,1.98,20,,0.00388,Fort Custer Training Center,MI,42.296944,30,1.010000896,ASY,M,2020,7,31,276,3.15,3.44,-0.882027692,5.166666667,0.518333333,-1.33269231,-6.333333367
20N01371,21.79,30.64,1.97,1.98,20,,0.00572,Sand Island West,PA,40.61515,34,1.996550578,ASY,F,2020,5,18,146,0.502,8,0.487117692,18.125,2.5,-0.438141023,2.791666667
20N01372,23.55,31.16,1.97,1.98,20,,0.00572,Sand Island West,PA,40.615131,35,0.785660404,SY,M,2020,5,18,146,0.502,8,0.487117692,18.125,2.5,-0.438141023,2.791666667
20N01373,23.07,31.86,1.97,1.98,20,,0.00572,Sand Island West,PA,40.615591,35,1.745700216,ASY,M,2020,5,18,146,0.502,8,0.487117692,18.125,2.5,-0.438141023,2.791666667
20N01207,20.72,29.55,1.96,1.96,21,21,0.01004,Loudy-Simpson Park,CO,40.994,22,0.723538708,ASY,F,2020,7,20,1996,-2.23,3.2,1.152615385,2.791666667,1.675,0.882051287,0.666666633
20N01444,19.96,29.13,1.96,1.96,21,,0.00501,"Orefield, PA",PA,40.649961,32,0.913095145,SY,M,2020,6,7,164,0.502,7.16,0.351775385,17.79166667,1.59,-0.53461538,2.7083333
20N0152,18.88,28.76,1.96,1.96,21,20.5,0.00475,"Cheyenne Bottoms Wildlife Area, KS",KS,38.449837,24,1.577735487,SY,M,2021,5,26,560,0.88,5.28,-0.442951538,0.375,-0.488333333,-2.107371793,-11.58333333
20N0153,18.43,29.02,1.96,1.96,21,20.6,0.00475,"Cheyenne Bottoms Wildlife Area, KS",KS,38.449837,24,2.247307504,SY,M,2021,5,26,560,0.88,5.28,-0.442951538,0.375,-0.488333333,-2.107371793,-11.58333333
21N0165,19.87,30.42,1.96,1.96,21,20.6,0.00478,"Weldon Springs Conservation Area, MO",MO,38.661125,28,2.327466192,SY,M,2021,6,1,154,4.06,4.8,0.766986154,5.375,0.45,-0.058012817,-6.958333333
21N0166,19.64,29.96,1.96,1.96,21,19.7,0.00478,"Weldon Springs Conservation Area, MO",MO,38.661125,28,1.875993917,SY,F,2021,6,1,154,4.06,4.8,0.766986154,5.375,0.45,-0.058012817,-6.958333333
21N0169,20.52,31.09,1.96,1.96,21,,0.00478,"Weldon Springs Conservation Area, MO",MO,38.661125,28,2.344496314,ASY,M,2021,6,1,154,4.06,4.8,0.766986154,5.375,0.45,-0.058012817,-6.958333333
21N0170,20,30.49,1.96,1.96,21,19.3,0.00478,"Weldon Springs Conservation Area, MO",MO,38.661125,28,2.222600445,ASY,M,2021,6,2,154,4.06,4.8,0.766986154,5.375,0.45,-0.058012817,-6.958333333
21N0172,19.96,30.37,1.96,1.96,21,20,0.00478,"Weldon Springs Conservation Area, MO",MO,38.661125,28,2.00878262,SY,M,2021,6,2,154,4.06,4.8,0.766986154,5.375,0.45,-0.058012817,-6.958333333
21N0174,19.07,29.96,1.96,1.96,21,20,0.0078,"Current River State Park, MO",MO,37.321596,27,2.800175674,ASY,M,2021,6,3,278,2.59,6.32,1.103473077,8.416666667,2.138333333,0.581410253,-6.125000033
21N0175,18.5,29.32,1.96,1.96,21,19.4,0.0078,"Current River State Park, MO",MO,37.321596,27,2.753243873,ASY,M,2021,6,3,278,2.59,6.32,1.103473077,8.416666667,2.138333333,0.581410253,-6.125000033
21N0176,19.48,29.58,1.96,1.96,21,20.5,0.0078,"Current River State Park, MO",MO,37.321596,27,1.700994431,ASY,M,2021,6,3,278,2.59,6.32,1.103473077,8.416666667,2.138333333,0.581410253,-6.125000033
21N0177,19.69,29.73,1.96,1.96,21,20.1,0.0078,"Current River State Park, MO",MO,37.321596,27,1.639524335,ASY,F,2021,6,3,278,2.59,6.32,1.103473077,8.416666667,2.138333333,0.581410253,-6.125000033
21N0179,19.85,30.68,1.96,1.96,21,20.6,0.0078,"Echo Bluffs State Park, MO",MO,37.309509,27,2.70013591,SY,M,2021,6,3,275,2.59,6.32,1.103473077,8.416666667,2.138333333,0.581410253,-6.125000033
21N0180,20.62,30.75,1.96,1.96,21,20.6,0.0078,"Echo Bluffs State Park, MO",MO,37.309509,27,1.623543271,ASY,M,2021,6,3,275,2.59,6.32,1.103473077,8.416666667,2.138333333,0.581410253,-6.125000033
21N0200,21.07,31.1,1.96,1.96,21,21.6,0.00475,"Merrit State Recreation Area, NE",NE,42.60355,24,2.062540928,SY,M,2021,6,12,913,0.88,5.28,-0.442951538,0.375,-0.488333333,-2.107371793,-11.58333333
21N0156,20.59,30.3,1.95,1.97,22,20.1,0.00406,"Eagle Bluffs Conservation Area, MO",KS,38.84483,26,1.444698335,ASY,M,2021,5,29,183,3.34,5.44,-0.067186154,1.875,1.643333333,-0.575320517,-11.125
21N0157,21,31.2,1.95,1.97,22,20.3,0.00406,"Eagle Bluffs Conservation Area, MO",KS,38.84483,26,2.033804369,ASY,M,2021,5,30,183,3.34,5.44,-0.067186154,1.875,1.643333333,-0.575320517,-11.125
21N0159,19.44,29.51,1.95,1.97,22,20.7,0.00406,"Eagle Bluffs Conservation Area, MO",KS,38.84483,26,1.860862632,ASY,M,2021,5,30,183,3.34,5.44,-0.067186154,1.875,1.643333333,-0.575320517,-11.125
21N0160,19.25,29.52,1.95,1.97,22,19.4,0.00406,"Eagle Bluffs Conservation Area, MO",KS,38.84483,26,2.08710306,ASY,M,2021,5,31,183,3.34,5.44,-0.067186154,1.875,1.643333333,-0.575320517,-11.125
21N0163,20.15,30.92,1.95,1.97,22,21.2,0.00406,"Eagle Bluffs Conservation Area, MO",KS,38.84483,26,3.172740467,ASY,F,2021,5,31,183,3.34,5.44,-0.067186154,1.875,1.643333333,-0.575320517,-11.125
21N0164,20.4,30.82,1.95,1.97,22,19.9,0.00406,"Eagle Bluffs Conservation Area, MO",KS,38.84483,26,2.43842181,ASY,M,2021,5,31,183,3.34,5.44,-0.067186154,1.875,1.643333333,-0.575320517,-11.125
21N0173,19.75,30.18,1.95,1.97,22,20.4,0.00478,"Weldon Springs Conservation Area, MO",MO,38.661125,28,2.347778034,ASY,M,2021,6,2,154,4.06,4.8,0.766986154,5.375,0.45,-0.058012817,-6.958333333
21N0202,21.84,31.7,1.95,1.97,22,20.6,0.00475,"Merrit State Recreation Area, NE",NE,42.60355,24,1.639165602,ASY,F,2021,6,12,913,0.88,5.28,-0.442951538,0.375,-0.488333333,-2.107371793,-11.58333333
21N0204,20.8,30.73,1.95,1.97,22,21.1,0.00475,"Merrit State Recreation Area, NE",NE,42.60355,24,1.592214662,ASY,M,2021,6,14,913,0.88,5.28,-0.442951538,0.375,-0.488333333,-2.107371793,-11.58333333
21N0207,20.16,30.17,1.95,1.97,22,20.7,0.00475,"Sandy Channel State Recreation Area, NE",NE,40.672066,24,1.776874874,ASY,M,2021,6,14,691,0.88,5.28,-0.442951538,0.375,-0.488333333,-2.107371793,-11.58333333
21N0208,21.93,31.7,1.95,1.97,22,22.3,0.00475,"Sandy Channel State Recreation Area, NE",NE,40.672066,24,1.532955464,SY,M,2021,6,14,691,0.88,5.28,-0.442951538,0.375,-0.488333333,-2.107371793,-11.58333333
21N0209,18.73,28.72,1.95,1.97,22,21.2,0.00475,"Sandy Channel State Recreation Area, NE",NE,40.672066,24,1.796901196,ASY,M,2021,6,14,691,0.88,5.28,-0.442951538,0.375,-0.488333333,-2.107371793,-11.58333333
21N0210,20.6,30.9,1.95,1.97,22,21.7,0.00475,"Sandy Channel State Recreation Area, NE",NE,40.672066,24,2.050743158,ASY,M,2021,6,14,691,0.88,5.28,-0.442951538,0.375,-0.488333333,-2.107371793,-11.58333333
21N0211,20.35,31.06,1.95,1.97,22,20.2,0.00475,"Sandy Channel State Recreation Area, NE",NE,40.672066,24,2.868048527,ASY,M,2021,6,14,691,0.88,5.28,-0.442951538,0.375,-0.488333333,-2.107371793,-11.58333333
21N0212,20.74,30.8,1.95,1.97,22,20.9,0.00475,"Sandy Channel State Recreation Area, NE",NE,40.672066,24,1.846597043,ASY,M,2021,6,14,691,0.88,5.28,-0.442951538,0.375,-0.488333333,-2.107371793,-11.58333333
21N0213,20.09,30.03,1.95,1.97,22,20.8,0.00475,"Sandy Channel State Recreation Area, NE",NE,40.672066,24,1.680866712,SY,M,2021,6,14,691,0.88,5.28,-0.442951538,0.375,-0.488333333,-2.107371793,-11.58333333
21N0214,20.87,30.81,1.95,1.97,22,20.8,0.00475,"Sandy Channel State Recreation Area, NE",NE,40.672066,24,1.699093573,ASY,M,2021,6,14,691,0.88,5.28,-0.442951538,0.375,-0.488333333,-2.107371793,-11.58333333